,Abiemnhom,Abyei Region,Akobo,Aweil Centre,Aweil East,Aweil North,Aweil South,Aweil West,Awerial,Ayod,Baliet,Bor South,Budi,Canal-Pigi,Cueibet,Duk,Ezo,Fangak,Fashoda,Gogrial East,Gogrial West,Guit,Ibba,Ikotos,Juba,Jur River,Kajo-keji,Kapoeta East,Kapoeta North,Kapoeta South,Koch,Lafon,Lainya,Leer,Longochuk,Maban,Magwi,Maiwut,Malakal,Maridi,Mayendit,Mayom,Melut,Morobo,Mundri East,Mundri West,Mvolo,Nagero,Nyirol,Nzara,Panyijiar,Panyikang,Pariang,Pibor,Pochalla,Raja,Renk,Rubkona,Rumbek Centre,Rumbek East,Rumbek North,Tambura,Terekeka,Tonj East,Tonj North,Tonj South,Torit,Twic,Twic East,Uror,Wau,Wulu,Yambio,Yei,Yirol East,Yirol West
2011-08-31,0,0,0.0,0,0,0.0,0,0,0,0.0,0.0,0.0,0,0.0,0.0,0.0,0,0,0.0,0.0,0,0.0,0,0,0.0,0,0.0,0.0,0.0,0,0.0,0,0.0,0.0,0.0,0.0,0.0,0.0,0.0,0,0.0,0.0,0.0,0.0,0,0,0,0,0,0,0.0,0,0.0,0.0,0,0.0,0.0,0.0,0,0.0,0,0.0,0.0,0.0,0.0,0.0,0,0.0,0,640.0,0.0,0,0.0,0.0,0,0
2011-09-30,0,0,0.0,0,0,0.0,0,0,0,2.0,0.0,0.0,0,0.0,0.0,0.0,0,0,0.0,0.0,0,0.0,0,0,0.0,0,0.0,0.0,0.0,0,0.0,0,0.0,0.0,0.0,0.0,0.0,0.0,0.0,0,62.0,0.0,0.0,0.0,0,0,0,0,0,0,0.0,0,0.0,0.0,0,4.0,0.0,0.0,0,0.0,0,0.0,0.0,0.0,0.0,0.0,0,0.0,0,0.0,0.0,0,0.0,0.0,0,0
2011-10-31,0,0,0.0,0,0,0.0,0,0,0,0.0,0.0,4.0,0,0.0,0.0,0.0,0,0,0.0,0.0,0,0.0,0,0,0.0,0,0.0,0.0,0.0,0,9.185185185185185,0,0.0,0.0,0.0,0.0,0.0,0.0,0.0,0,0.0,90.0,0.0,0.0,0,0,0,0,0,0,0.0,0,0.0,0.0,0,0.0,0.0,0.0,0,1.0,0,0.0,0.0,1.0,0.0,0.0,0,0.0,0,0.0,0.0,0,0.0,0.0,0,0
2011-11-30,0,0,0.0,0,0,0.0,0,0,0,0.0,0.0,0.0,0,27.75,0.0,0.0,0,0,0.0,0.0,0,0.0,0,0,0.0,0,0.0,0.0,0.0,0,8.88888888888889,0,0.0,0.0,0.0,0.0,0.0,0.0,0.0,0,0.0,0.0,0.0,0.0,0,0,0,0,0,0,0.0,0,0.0,0.0,0,0.0,0.0,6.0,0,0.0,0,0.0,0.0,0.0,0.0,0.0,0,0.0,0,0.0,0.0,0,0.0,0.0,0,0
2011-12-31,0,0,0.0,0,0,0.0,0,0,0,0.0,0.0,22.0,0,17.0,0.0,0.0,0,0,0.0,0.0,0,0.0,0,0,0.0,0,0.0,0.0,0.0,0,6.222222222222221,0,0.0,0.0,0.0,0.0,0.0,0.0,0.0,0,0.0,0.0,0.0,3.0,0,0,0,0,0,0,0.0,0,0.0,272.8571428571429,0,0.0,0.0,0.0,0,0.0,0,0.0,0.0,0.0,0.0,0.0,0,0.0,18,0.0,0.0,0,0.0,0.0,0,0
2012-01-31,0,0,53.0,0,0,0.0,0,0,0,0.0,0.0,1.0,0,0.0,0.0,85.0,0,0,0.0,0.0,0,0.0,0,0,0.0,0,0.0,0.0,0.0,0,0.0,0,0.0,0.0,0.0,0.0,0.0,0.0,0.0,0,0.0,0.0,0.0,0.0,0,0,0,0,0,0,0.0,0,0.0,52.0,0,0.0,0.0,0.0,0,0.0,0,0.0,0.0,76.0,0.0,0.0,0,0.0,0,77.0,3.0,0,0.0,0.0,0,0
2012-02-29,0,0,4.0,0,0,0.0,0,0,0,0.0,0.0,3.0,0,0.0,0.0,0.0,0,0,0.0,0.0,0,0.0,0,0,0.0,0,0.0,0.0,0.0,0,0.0,0,0.0,0.0,0.0,0.0,0.0,0.0,0.0,0,0.0,0.0,0.0,0.0,0,0,0,0,0,0,0.0,0,0.0,0.0,0,0.0,0.0,0.0,0,0.0,0,0.0,0.0,0.0,0.0,0.0,0,0.0,0,22.0,0.0,0,0.0,0.0,0,0
2012-03-31,0,0,0.0,0,0,0.0,0,0,0,0.0,0.0,0.0,0,0.0,0.0,0.0,0,0,0.0,0.0,0,0.0,0,0,0.0,0,0.0,0.0,0.0,0,28.0,0,0.0,0.0,0.0,0.0,0.0,0.0,0.0,0,0.0,129.0,0.0,0.0,0,0,0,0,18,0,0.0,0,0.0,0.0,0,0.0,0.0,0.0,0,0.0,0,0.0,0.0,0.0,0.0,0.0,0,11.0,0,11.379310344827585,0.0,0,0.0,0.0,0,0
2012-04-30,0,0,0.0,0,0,0.0,0,0,0,0.0,0.0,0.0,0,0.0,0.0,0.0,0,0,0.0,0.0,0,0.0,0,0,0.0,0,0.0,0.0,0.0,0,8.0,0,0.0,0.0,0.0,0.0,0.0,0.0,0.0,0,0.0,7.0,0.0,0.0,0,0,0,0,0,0,0.0,0,0.0,0.0,0,0.0,0.0,10.0,0,0.0,0,0.0,0.0,0.0,0.0,0.0,0,27.428571428571427,0,0.0,0.0,0,0.0,0.0,0,0
2012-05-31,0,0,0.0,0,1,0.0,0,20,0,0.0,0.0,0.0,0,0.0,0.0,0.0,0,0,0.0,0.0,0,0.0,0,0,0.0,0,0.0,0.0,0.0,0,0.0,0,0.0,0.0,0.0,0.0,0.0,0.0,0.0,0,0.0,0.0,0.0,0.0,0,0,0,0,0,0,0.0,0,0.0,0.0,0,0.0,0.0,30.0,0,0.0,0,0.0,0.0,0.0,0.0,0.0,0,0.0,2,1.0,0.0,0,0.0,0.0,0,0
2012-06-30,0,0,0.0,0,0,0.0,0,0,0,0.0,0.0,0.0,0,0.0,0.0,0.0,0,0,0.0,0.0,0,0.0,0,0,0.0,0,0.0,0.0,0.0,0,0.0,0,0.0,0.0,0.0,0.0,0.0,0.0,0.0,0,0.0,0.0,0.0,0.0,0,0,0,0,0,0,0.0,0,0.0,0.0,0,0.0,0.0,0.0,0,0.0,0,0.0,0.0,0.0,0.0,0.0,0,0.0,0,0.0,0.0,0,0.0,0.0,0,0
2012-07-31,0,0,0.0,0,0,0.0,0,0,0,0.0,0.0,0.0,0,0.0,0.0,0.0,0,0,0.0,0.0,0,0.0,0,0,0.0,0,0.0,0.0,0.0,0,0.0,0,0.0,0.0,0.0,0.0,0.0,0.0,0.0,0,0.0,0.0,0.0,0.0,0,0,0,0,0,0,0.0,0,0.0,0.0,0,0.0,0.0,0.0,1,0.0,0,0.0,0.0,0.0,0.0,0.0,0,0.0,0,0.0,0.0,0,0.0,0.0,0,0
2012-08-31,0,0,0.0,0,0,0.0,0,0,0,0.0,0.0,0.0,0,0.0,0.0,0.0,0,0,0.0,0.0,0,0.0,0,0,0.0,0,0.0,0.0,0.0,0,0.0,0,0.0,0.0,0.0,0.0,0.0,0.0,0.0,0,0.0,0.0,0.0,0.0,0,0,0,0,0,0,0.0,0,0.0,0.0,0,0.0,3.5999999999999996,0.0,0,0.0,0,0.0,0.0,0.0,0.0,0.0,0,0.0,0,0.0,0.0,0,0.0,0.0,0,0
2012-09-30,0,0,0.0,0,0,0.0,0,0,0,0.0,0.0,0.0,0,0.0,0.0,0.0,0,0,0.0,0.0,0,0.0,0,0,0.0,0,0.0,0.0,0.0,0,0.0,0,0.0,0.0,0.0,0.0,0.0,0.0,0.0,0,0.0,0.0,0.0,0.0,0,0,0,0,0,0,0.0,0,0.0,0.0,0,0.0,0.0,0.0,0,0.0,0,0.0,0.0,0.0,0.0,0.0,0,0.0,0,0.0,0.0,0,0.0,0.0,0,0
2012-10-31,0,0,0.0,0,0,0.0,0,5,0,0.0,0.0,2.0,0,0.0,0.0,0.0,0,0,0.0,0.0,0,0.0,0,0,0.0,0,0.0,0.0,0.0,0,0.0,0,0.0,0.0,0.0,0.0,0.0,0.0,0.0,0,0.0,0.0,0.0,0.0,0,0,0,0,0,0,0.0,0,0.0,0.0,0,0.0,0.0,0.0,0,0.0,0,0.0,0.0,0.0,0.0,0.0,0,0.0,0,0.0,0.0,0,0.0,0.0,0,0
2012-11-30,0,0,0.0,0,0,0.0,0,0,0,0.0,0.0,0.0,0,0.0,0.0,0.0,0,0,0.0,0.0,0,0.0,0,0,0.0,0,0.0,0.0,0.0,0,0.0,0,0.0,0.0,0.0,0.0,0.0,0.0,0.0,0,0.0,0.0,0.0,0.0,0,0,0,0,0,0,0.0,0,0.0,3.0,0,0.0,0.0,0.0,13,0.0,0,0.0,0.0,0.0,31.0,0.0,0,0.0,0,0.0,0.0,0,0.0,0.0,0,0
2012-12-31,0,0,0.0,0,0,0.0,0,8,0,0.0,0.0,0.0,0,0.0,0.0,0.0,0,0,0.0,0.0,0,0.0,0,0,0.0,0,0.0,0.0,0.0,0,0.0,0,0.0,0.0,0.0,0.0,0.0,0.0,0.0,0,0.0,0.0,0.0,0.0,0,0,0,0,0,0,0.0,0,0.0,39.2,0,0.0,0.0,0.0,0,0.0,0,0.0,0.0,0.0,0.0,66.66666666666667,0,0.0,0,0.0,52.33333333333333,0,0.0,0.0,0,0
2013-01-31,0,0,0.0,0,0,0.0,0,0,0,0.0,0.0,0.0,0,0.0,0.0,0.0,0,0,0.0,0.0,0,0.0,0,0,0.0,0,0.0,0.0,0.0,0,0.0,0,0.0,0.0,0.0,0.0,0.0,0.0,0.0,0,0.0,0.0,0.0,0.0,0,0,0,0,0,0,0.0,0,0.0,5.0,0,0.0,0.0,0.0,25,0.0,0,0.0,0.0,0.0,0.0,0.0,0,0.0,0,0.0,0.0,0,0.0,0.0,0,0
2013-02-28,0,0,99.0,0,0,0.0,0,0,0,0.0,0.0,0.0,0,0.0,0.0,0.0,0,0,0.0,0.0,0,0.0,0,0,0.0,0,0.0,0.0,0.0,0,0.0,0,0.0,0.0,0.0,0.0,0.0,0.0,0.0,0,0.0,0.0,1.0,0.0,0,0,0,0,0,0,0.0,0,0.0,0.0,0,0.0,0.0,0.0,0,0.0,0,0.0,0.0,0.0,0.0,0.0,0,0.0,0,0.0,0.0,0,0.0,0.0,0,0
2013-03-31,0,0,8.516483516483516,0,0,0.0,0,0,0,0.0,0.0,0.0,0,0.0,0.0,0.0,0,0,0.0,0.0,0,0.0,0,0,0.0,0,0.0,0.0,0.0,0,0.0,0,0.0,0.0,0.0,0.0,0.0,0.0,0.0,0,3.1,0.0,0.0,0.0,0,0,0,0,0,0,0.0,0,0.0,2.0,0,0.0,0.0,0.0,0,0.0,0,0.0,0.0,0.0,0.0,0.0,0,0.0,0,0.0,0.0,0,0.0,0.0,0,0
2013-04-30,0,0,8.241758241758243,0,0,0.0,0,0,0,0.0,0.0,0.0,0,0.0,0.0,0.0,0,0,0.0,0.0,0,0.0,0,0,0.0,0,0.0,0.0,0.0,0,0.0,0,0.0,0.0,0.0,0.0,0.0,0.0,0.0,0,0.0,0.0,0.0,0.0,0,0,0,0,0,0,0.0,0,0.0,14.034482758620689,0,0.0,0.0,0.0,0,0.0,0,0.0,0.0,0.0,0.0,0.0,0,0.0,0,0.0,0.0,0,0.0,0.0,0,0
2013-05-31,0,0,8.516483516483516,0,0,0.0,0,0,0,0.0,0.0,0.0,0,0.0,0.0,0.0,0,0,0.0,0.0,0,0.0,0,0,0.0,0,0.0,0.0,0.0,0,0.0,0,0.0,0.0,0.0,0.0,0.0,0.0,0.0,0,0.0,0.0,0.0,0.0,0,0,0,0,0,0,0.0,0,0.0,23.066666666666666,0,0.0,0.0,0.0,0,0.0,0,0.0,0.0,0.0,0.0,0.0,0,0.0,0,30.0,0.0,0,0.0,0.0,0,0
2013-06-30,0,0,0.0,0,0,0.0,0,0,0,0.0,0.0,0.0,0,0.0,0.0,0.0,0,0,0.0,0.0,0,0.0,0,0,0.0,0,0.0,0.0,0.0,0,0.0,0,0.0,0.0,0.0,0.0,0.0,0.0,0.0,0,0.0,0.0,0.0,0.0,0,0,0,0,0,0,0.0,0,0.0,0.0,0,0.0,0.0,0.0,0,0.0,0,0.0,0.0,0.0,0.0,0.0,0,0.0,0,0.0,0.0,0,0.0,0.0,0,0
2013-07-31,0,0,0.0,0,0,0.0,0,0,0,0.0,0.0,0.0,0,0.0,0.0,0.0,0,0,0.0,0.0,0,0.0,0,0,0.0,0,0.0,0.0,0.0,0,0.0,0,0.0,0.0,0.0,0.0,0.0,0.0,0.0,0,0.0,0.0,0.0,0.0,0,0,0,0,0,0,0.0,0,0.0,21.11111111111111,0,0.0,0.0,0.0,0,0.0,0,0.0,0.0,0.0,0.0,0.0,0,0.0,0,0.0,0.0,0,0.0,0.0,0,0
2013-08-31,0,0,0.0,0,0,0.0,0,0,0,0.0,0.0,0.0,0,0.0,0.0,0.0,0,0,0.0,0.0,0,0.0,0,0,0.0,0,0.0,0.0,0.0,0,0.0,0,0.0,0.0,0.0,0.0,0.0,0.0,0.0,0,0.0,0.0,0.0,0.0,0,0,0,0,0,0,0.0,0,0.0,0.0,0,0.0,0.0,0.0,0,0.0,0,0.0,0.0,0.0,0.0,0.0,0,0.0,0,0.0,0.0,0,0.0,0.0,0,0
2013-09-30,0,0,0.0,0,0,0.0,0,0,0,0.0,0.0,0.0,0,0.0,0.0,0.0,0,0,0.0,0.0,0,0.0,0,0,0.0,0,0.0,0.0,0.0,0,0.0,0,0.0,0.0,0.0,0.0,0.0,0.0,0.0,0,0.0,0.0,0.0,0.0,0,0,0,0,0,0,0.0,0,0.0,0.0,0,0.0,0.0,0.0,0,0.0,0,0.0,0.0,0.0,0.0,0.0,0,0.0,0,0.0,0.0,0,0.0,0.0,0,0
2013-10-31,0,0,3.0,0,0,0.0,0,0,0,0.0,0.0,0.0,0,0.0,0.0,0.0,0,0,0.0,0.0,0,0.0,0,0,0.0,0,0.0,0.0,0.0,0,0.0,0,0.0,0.0,0.0,0.0,0.0,0.0,0.0,0,0.0,0.0,0.0,0.0,0,0,0,0,0,0,0.0,0,0.0,0.0,0,0.0,0.0,0.0,0,0.0,0,0.0,0.0,0.0,0.0,0.0,0,0.0,40,0.0,0.0,0,0.0,0.0,0,0
2013-11-30,0,0,0.0,0,0,0.0,0,0,0,0.0,0.0,0.0,0,0.0,0.0,0.0,1,0,0.0,0.0,0,0.0,0,0,0.0,0,0.0,0.0,0.0,0,0.0,0,0.0,0.0,0.0,0.0,0.0,0.0,0.0,0,0.0,0.0,0.0,0.0,0,0,0,0,0,0,0.0,0,0.0,0.0,0,0.0,0.0,0.0,0,0.0,0,1.0,0.0,0.0,0.0,0.0,0,0.0,0,0.0,0.0,0,0.0,0.0,0,0
2013-12-31,0,0,22.0,0,0,0.0,0,0,0,0.0,0.0,123.27753357753357,0,0.0,0.0,0.0,0,0,0.0,0.0,0,0.0,0,0,1046.8825757575758,0,0.0,0.0,0.0,0,22.0,0,0.0,0.0,0.0,0.0,0.0,0.0,8.75,0,445.33333333333337,45.714285714285715,0.0,0.0,0,0,0,0,0,0,0.0,0,0.0,0.0,0,0.0,0.0,163.9047619047619,0,0.0,0,0.0,14.625,0.0,0.0,0.0,0,0.0,0,0.0,0.0,0,0.0,0.0,0,0
2014-01-31,0,0,0.0,0,0,0.0,0,0,0,0.0,28.5,165.94117647058823,0,0.0,0.0,0.0,0,0,0.0,0.0,0,0.0,0,0,1.0,0,0.0,0.0,0.0,0,2.6907327586206895,0,0.0,0.46875,0.0,0.0,0.0,0.0,20.5,0,1.0,0.0,0.0,0.0,0,0,0,0,0,0,0.0,0,0.0,0.0,0,0.0,0.0,77.58333333333334,0,0.0,0,0.0,30.5,0.0,0.0,0.0,0,0.0,0,4.0,0.0,0,0.0,0.0,4,0
2014-02-28,0,0,0.0,0,0,0.0,0,0,0,0.0,0.0,0.0,0,0.0,0.0,2.0,0,0,0.0,0.0,0,0.0,0,0,0.0,0,0.0,0.0,0.0,0,2.3947956577266925,0,0.0,19.140873015873016,0.0,0.0,0.0,0.0,153.75,0,0.0,0.0,9.0,0.0,0,0,0,0,0,0,60.0,0,0.0,0.0,0,0.0,0.0,0.0,0,1.0,0,0.0,0.0,0.0,0.0,0.0,0,0.0,10,0.0,0.0,0,0.0,0.0,0,0
2014-03-31,0,0,0.0,0,0,0.0,0,0,0,0.0,0.0,1.0,0,0.0,15.0,75.19999999999999,0,0,0.0,0.0,0,0.0,0,0,0.0,0,0.0,0.0,0.0,0,0.0,0,0.0,0.0,0.0,0.0,0.0,0.0,1.5,0,0.0,0.0,0.0,0.0,0,0,0,0,0,0,0.0,0,0.0,0.0,0,0.0,0.0,6.0,0,0.0,0,0.0,0.0,0.0,0.0,0.0,0,0.0,0,0.0,0.0,0,0.0,0.0,0,0
2014-04-30,0,0,0.0,0,0,0.0,0,0,0,0.0,0.0,48.0,0,0.0,0.0,0.0,0,0,0.0,0.0,0,0.0,0,0,0.0,43,0.0,0.0,0.0,0,1.0,0,0.0,0.0,0.0,0.0,0.0,0.0,0.0,0,0.0,0.0,0.0,0.0,0,0,0,0,0,0,0.0,0,0.0,0.0,0,0.0,0.0,1475.0,0,0.0,0,0.0,0.0,0.0,0.0,0.0,0,0.0,0,0.0,0.0,0,0.0,0.0,0,0
2014-05-31,0,0,0.0,0,0,0.0,0,0,0,0.0,0.0,0.0,0,0.0,0.0,0.0,0,0,0.0,0.0,0,6.076923076923077,0,0,0.0,0,0.0,0.0,0.0,0,1.9275862068965517,0,0.0,0.0,0.0,0.0,0.0,0.0,0.0,0,0.0,1.2413793103448276,0.0,0.0,0,0,0,0,0,0,0.0,0,0.0,0.0,0,0.0,0.0,96.5,0,0.0,0,0.0,0.0,0.0,0.0,0.0,0,0.0,0,0.0,0.0,0,0.0,0.0,0,0
2014-06-30,0,0,0.0,0,0,0.0,0,0,0,0.0,0.0,0.0,0,0.0,0.0,0.0,0,0,0.0,0.0,0,0.0,0,0,0.0,0,0.0,0.0,0.0,0,23.741379310344826,0,0.0,0.0,0.0,0.0,0.0,0.0,0.0,0,0.0,1.8620689655172413,0.0,0.0,0,0,0,0,0,0,0.0,0,0.0,0.0,0,0.0,0.0,2.0,0,0.0,0,0.0,0.0,0.0,0.0,0.0,0,0.0,0,0.0,0.0,0,0.0,0.0,0,0
2014-07-31,0,0,0.0,1,0,81.33333333333333,0,35,0,69.33333333333333,0.0,0.0,0,17.0,0.0,0.0,0,0,0.0,8.0,0,0.0,0,0,0.0,0,0.0,0.0,0.0,0,0.0,0,0.0,0.0,0.0,0.0,0.0,0.0,0.0,0,0.0,0.0,0.0,0.0,0,0,0,0,0,0,0.0,0,0.0,0.0,0,0.0,0.0,96.0,0,0.0,0,0.0,0.0,0.0,0.0,0.0,0,0.0,0,0.0,0.0,0,0.0,0.0,0,0
2014-08-31,0,0,0.0,0,0,0.0,0,0,0,126.0,0.0,0.0,0,0.0,0.0,0.0,0,0,0.0,0.0,0,0.0,0,0,0.0,0,0.0,0.0,0.0,0,0.0,0,0.0,0.0,0.0,0.0,0.0,0.0,0.0,0,0.0,0.0,0.0,0.0,0,0,0,0,0,0,0.0,0,0.0,0.0,0,0.0,0.0,3.0,0,0.0,0,0.0,0.0,0.0,0.0,0.0,0,0.0,0,0.0,0.0,0,0.0,0.0,0,0
2014-09-30,0,0,0.0,0,0,0.0,0,0,0,0.0,103.83333333333334,0.0,0,0.0,5.0,0.0,0,0,0.0,0.0,0,0.0,0,0,0.0,0,0.0,0.0,0.0,0,0.0,0,0.0,0.0,0.0,0.0,0.0,0.0,0.0,0,0.0,0.0,33.0,0.0,0,0,0,0,0,0,0.0,0,0.0,0.0,0,0.0,183.5,0.0,0,0.0,0,0.0,0.0,0.0,0.0,0.0,0,0.0,0,0.0,0.0,0,0.0,0.0,0,0
2014-10-31,0,0,0.0,0,0,0.0,0,0,0,0.0,0.0,0.0,0,0.0,0.0,0.0,0,0,0.0,0.0,0,0.0,0,0,0.0,0,0.0,0.0,0.0,0,0.0,0,0.0,0.0,0.0,0.0,0.0,0.0,0.0,0,0.0,0.0,0.0,0.0,0,0,0,0,0,0,0.0,2,0.0,0.0,0,0.0,0.0,16.5,0,0.0,0,0.0,0.0,0.0,0.0,0.0,0,0.0,0,0.0,0.0,0,0.0,0.0,0,0
2014-11-30,0,0,0.0,0,0,0.0,0,0,0,0.0,0.0,0.0,0,0.0,0.0,0.0,0,0,0.0,0.0,0,0.0,0,0,0.0,0,0.0,0.0,0.0,0,0.0,0,0.0,0.0,0.0,9.333333333333334,0.0,0.0,0.0,0,0.0,0.0,0.0,0.0,0,0,0,0,0,0,0.0,0,0.0,0.0,0,0.0,29.0,1.1666666666666665,0,0.0,0,0.0,0.0,0.0,0.0,0.0,0,0.0,0,0.0,0.0,0,0.0,0.0,0,0
2014-12-31,0,0,0.0,0,0,0.0,0,0,0,0.0,0.0,0.0,0,0.0,0.0,0.0,0,0,0.0,0.0,0,0.0,0,0,0.0,0,0.0,0.0,0.0,0,0.0,0,0.0,0.0,0.0,0.0,0.0,0.0,0.0,0,0.0,0.0,0.0,0.0,0,0,0,0,0,0,0.0,0,0.0,0.0,0,0.0,0.0,0.0,0,0.0,0,0.0,0.0,0.0,0.0,0.0,0,0.0,0,0.0,0.0,0,0.0,0.0,0,0
2015-01-31,0,0,0.0,0,0,0.0,0,0,0,0.0,0.0,0.0,0,0.0,0.0,0.0,0,0,0.0,0.0,0,0.0,0,0,11.0,0,0.0,0.0,0.0,0,4.5,0,0.0,0.0,0.0,0.0,0.0,0.0,0.0,0,0.0,0.0,4.5,0.0,0,0,0,0,0,0,0.40924092409240925,0,0.0,0.0,0,0.0,0.0,0.0,0,0.0,0,0.0,0.0,0.0,0.0,0.0,0,0.0,0,0.0,0.0,0,0.0,0.0,0,0
2015-02-28,0,0,0.0,0,0,0.0,0,0,0,0.0,0.0,0.0,0,0.0,25.53191489361702,0.0,0,0,7.259259259259259,0.0,0,0.0,0,0,0.0,0,0.0,0.0,0.0,0,10.0,0,0.0,0.0,0.0,0.0,0.0,0.0,0.0,0,0.0,0.0,0.0,0.0,0,0,0,0,0,0,0.36963696369636967,0,0.0,0.0,0,0.0,25.0,0.0,0,0.0,0,0.0,0.0,0.0,0.0,0.0,0,0.0,0,0.0,0.0,0,0.0,0.0,0,0
2015-03-31,0,0,0.0,0,0,0.0,0,0,0,0.0,0.0,0.0,0,0.0,65.95744680851064,0.0,0,0,0.0,0.0,0,0.0,0,0,0.0,0,0.0,0.0,0.0,0,0.0,0,0.0,0.0,0.0,0.0,0.0,0.0,0.0,0,0.0,0.0,0.0,0.0,0,7,0,0,0,0,0.40924092409240925,0,0.0,0.0,0,0.0,288.0,45.0,52,52.0,52,0.0,0.0,0.0,0.0,0.0,0,0.0,0,0.0,0.0,0,0.0,0.0,0,0
2015-04-30,0,0,0.0,0,0,0.0,0,0,0,0.0,0.0,0.0,0,0.0,10.638297872340425,0.0,0,0,0.0,0.0,0,2.183582204631319,0,0,0.0,0,0.0,0.0,0.0,0,14.39911938799778,0,0.0,0.0,0.0,0.0,0.0,0.0,78.0,0,0.2857142857142857,0.0,0.0,0.0,0,0,0,0,0,0,0.39603960396039606,0,0.0,0.28125,0,0.0,0.0,4.720531603976059,0,0.0,0,0.0,0.0,0.0,0.0,0.0,0,0.0,0,0.0,0.0,0,0.0,0.0,0,0
2015-05-31,0,0,0.0,0,0,0.0,0,0,0,0.0,0.0,0.0,0,0.0,0.0,0.0,0,0,0.0,2.0,0,8.38202301095719,0,0,0.0,0,0.0,0.0,0.0,0,53.47621100272681,0,0.0,18.69736842105263,0.0,0.0,0.0,0.0,20.666666666666664,0,10.492063492063492,0.0,9.0,0.0,0,3,0,0,0,0,5.409240924092409,0,0.0,0.484375,0,0.0,0.0,7.567473805763646,0,0.0,0,0.0,0.0,0.0,0.0,0.0,0,0.0,0,0.0,0.0,0,0.0,0.0,0,0
2015-06-30,0,0,0.0,0,0,0.0,0,0,0,0.0,0.0,0.0,0,0.0,0.0,0.0,0,0,0.0,0.0,0,6.767012261343862,0,0,0.0,0,0.0,2.0,0.0,0,9.442036836403034,0,0.0,3.1578947368421053,0.0,0.0,0.0,0.0,3.0,8,0.23809523809523808,0.0,0.0,0.0,0,0,0,0,0,0,0.39603960396039606,0,0.0,0.25,0,0.0,0.0,2.891590519478477,0,9.0,0,0.0,0.0,0.0,0.0,0.0,0,0.0,0,0.0,0.0,0,0.0,0.0,0,0
2015-07-31,0,0,0.0,2,0,0.0,0,0,0,0.0,0.0,0.0,0,0.0,0.0,0.0,0,0,13.0,0.0,0,0.0,0,0,0.0,0,0.0,0.0,0.0,0,5.384976525821597,0,0.0,0.0,0.0,0.0,0.0,0.0,1.0,0,0.0,0.0,0.0,0.0,0,0,0,0,0,0,0.40924092409240925,0,0.0,0.0,0,0.0,0.0,1.0,0,0.0,0,0.0,0.0,0.0,0.0,0.0,0,0.0,0,0.0,0.0,0,8.266666666666666,0.0,0,0
2015-08-31,0,0,0.0,0,0,0.0,0,0,0,0.0,0.0,0.0,0,0.0,0.0,0.0,0,0,0.0,0.0,0,0.0,0,0,0.0,0,0.0,0.0,0.0,0,5.384976525821597,0,0.0,0.0,0.0,0.0,0.0,0.0,0.0,0,0.0,0.0,0.0,0.0,0,0,0,0,0,0,0.40924092409240925,0,0.0,0.0,0,0.0,0.0,0.0,0,0.0,0,0.0,0.0,0.0,0.0,0.0,0,0.0,0,0.0,0.0,0,0.0,0.0,0,0
2015-09-30,0,0,0.0,0,0,0.0,0,0,0,0.0,0.0,0.0,0,0.0,0.0,0.0,0,0,0.0,0.0,0,6.0,0,0,11.0,0,0.0,0.0,0.0,0,5.211267605633803,0,0.0,24.0,0.0,0.0,0.0,0.0,0.0,0,0.0,0.0,0.0,0.0,0,0,0,0,0,0,0.39603960396039606,0,0.0,0.0,0,0.0,0.0,0.0,0,0.0,0,0.0,0.0,0.0,0.0,0.0,0,0.0,0,0.0,0.0,0,0.0,0.0,0,0
2015-10-31,0,0,0.0,0,0,0.0,0,0,0,0.0,0.0,0.0,0,0.0,0.0,0.0,0,0,0.0,0.0,0,0.0,0,0,0.0,0,0.0,0.0,0.0,0,75.3849765258216,0,0.0,232.5,0.0,0.0,0.0,0.0,0.0,0,13.0,0.0,0.0,0.0,0,0,0,0,0,0,0.40924092409240925,0,0.0,0.0,0,0.0,0.0,0.0,0,0.0,0,0.0,0.0,138.0,0.0,0.0,0,0.0,0,0.0,0.0,0,0.0,0.0,0,0
2015-11-30,0,0,0.0,0,0,0.0,0,0,0,0.0,0.0,0.0,0,0.0,0.0,0.0,0,0,0.0,0.0,0,0.0,0,0,0.0,0,0.0,0.0,0.0,0,0.0,0,0.0,19.0,0.0,0.0,0.0,0.0,0.0,0,0.0,0.0,0.0,0.0,0,0,0,0,0,0,0.0,0,0.0,0.0,0,0.0,0.0,0.0,0,0.0,0,0.0,0.0,0.0,0.0,0.0,0,0.0,0,0.0,0.12903225806451613,0,4.0,0.0,0,0
2015-12-31,0,0,0.0,0,0,0.0,0,0,0,0.0,0.0,0.0,0,0.0,0.0,0.0,0,0,0.0,0.0,0,0.0,0,0,0.0,0,0.0,0.0,0.0,0,0.0,0,0.0,0.0,0.0,0.0,0.0,0.0,0.0,0,0.0,0.0,0.0,0.0,0,0,0,0,0,0,0.0,0,0.0,0.0,0,0.0,0.0,0.0,0,0.0,0,0.0,0.0,0.0,0.0,0.0,0,0.0,0,0.0,12.933333333333334,0,3.5999999999999996,0.0,0,0
2016-01-31,0,0,0.0,0,0,0.0,0,0,0,0.0,0.0,0.0,0,0.0,124.0,0.0,0,0,0.0,0.0,0,0.0,0,0,0.18562874251497008,0,0.0,0.0,0.0,0,0.0,0,0.0,0.0,0.0,0.0,0.0,0.0,0.0,0,0.0,0.0,0.0,0.0,0,0,0,0,0,0,0.0,0,0.0,0.0,0,0.0,0.0,0.0,0,0.0,0,0.0,0.0,0.0,0.0,0.0,0,0.0,0,0.0,0.0,0,0.0,0.0,0,0
2016-02-29,0,0,0.0,0,0,0.0,0,0,0,0.0,0.0,0.0,0,0.0,0.0,0.0,0,0,0.0,0.0,0,0.0,0,2,0.17365269461077845,0,0.0,0.0,0.0,0,0.0,0,0.0,0.0,0.0,0.0,0.0,0.0,60.0,0,0.0,0.0,0.0,0.0,0,0,0,0,0,0,0.0,0,0.0,0.0,0,0.0,0.0,0.0,0,0.0,0,0.0,0.0,0.0,89.07142857142858,0.0,0,0.0,0,117.83333333333333,10.307692307692307,0,0.0,0.0,0,0
2016-03-31,0,0,0.0,0,0,0.0,0,0,0,0.0,0.0,0.0,0,0.0,0.0,0.0,0,0,0.0,0.0,0,0.0,0,0,0.18562874251497008,0,0.0,0.0,0.0,0,0.0,0,0.0,0.0,0.0,0.0,0.0,0.0,0.0,0,7.0,0.0,0.0,0.0,0,0,0,0,0,0,0.0,0,0.0,0.0,0,0.0,0.0,0.0,0,0.0,0,0.0,0.0,0.0,0.0,0.0,0,0.0,0,0.0,0.0,0,0.0,0.0,0,0
2016-04-30,0,0,0.0,0,0,2.0,0,0,0,0.0,0.0,0.0,0,0.0,0.0,0.0,0,0,0.0,0.0,0,0.0,0,0,0.17964071856287425,0,0.0,0.0,0.0,0,0.0,0,0.0,0.0,0.0,0.0,0.0,0.0,0.0,0,0.0,0.0,0.0,0.0,0,0,0,0,0,0,0.0,0,0.0,0.0,0,0.0,0.0,0.0,0,0.0,0,0.0,0.0,0.0,0.0,0.0,0,0.0,0,0.0,11.0,0,0.0,0.0,0,0
2016-05-31,0,0,0.0,0,0,0.3333333333333333,0,0,0,0.0,0.0,0.0,0,0.0,0.0,0.0,0,0,0.0,0.0,0,0.0,0,0,0.18562874251497008,0,0.0,0.0,0.0,0,0.0,0,0.0,0.0,0.0,0.0,0.0,0.0,0.0,0,0.0,0.0,0.0,0.0,0,0,0,0,0,0,0.0,0,0.0,0.0,0,0.0,0.0,0.0,0,0.0,0,0.0,0.0,0.0,0.0,0.0,0,0.0,0,0.0,0.0,0,0.0,2.0,0,0
2016-06-30,0,0,0.0,0,0,0.0,0,0,0,0.0,0.0,0.0,0,0.0,0.0,0.0,0,0,0.0,0.0,0,0.0,0,0,0.17964071856287425,0,4.0,0.0,0.0,0,0.0,0,0.0,0.0,0.0,0.0,0.0,0.0,0.0,0,0.0,0.0,0.0,1.0344827586206897,0,0,0,0,0,0,0.0,0,0.0,0.0,0,0.0,0.0,0.0,0,0.0,0,0.0,0.0,0.0,0.0,0.0,0,0.0,0,0.0,83.0,0,0.0,0.0,0,0
2016-07-31,0,0,0.0,0,0,0.0,0,0,0,0.0,0.0,0.0,0,0.0,0.0,0.0,0,0,0.0,0.0,0,0.0,0,0,373.2189620758483,0,0.0,0.0,0.0,0,0.0,0,14.166666666666668,0.0,0.0,0.0,7.233333333333333,0.0,0.0,0,0.0,0.0,0.0,0.0,0,0,0,0,0,0,0.0,0,0.0,0.0,0,0.0,0.0,0.0,0,0.0,0,0.0,0.0,0.0,0.0,0.0,7,0.0,0,0.0,0.0,0,0.0,4.0,0,0
2016-08-31,0,0,0.0,0,0,0.0,0,0,0,0.0,0.0,0.0,0,0.0,0.0,153.0,0,0,0.0,0.0,0,0.0,0,0,22.407850964737193,0,4.133333333333333,0.0,0.0,0,0.0,0,0.0,0.0,0.0,0.0,0.0,0.0,0.0,0,0.0,0.0,0.0,0.0,0,0,0,0,0,0,0.0,0,0.0,0.0,0,0.0,0.0,0.0,0,0.0,0,0.0,0.0,0.0,0.0,0.0,0,0.0,0,0.0,0.0,0,0.0,3.0,0,0
2016-09-30,0,0,0.0,0,0,0.0,0,0,0,0.0,0.0,0.0,0,0.0,0.0,0.0,0,0,0.0,0.0,0,0.0,0,0,0.17964071856287425,0,3.103448275862069,0.0,0.0,0,0.0,0,0.0,0.0,0.0,0.0,12.25,0.0,0.0,0,0.0,0.0,0.0,2.0689655172413794,0,0,0,0,0,0,0.0,0,0.0,0.0,0,0.0,0.0,0.0,0,0.0,0,0.0,0.0,0.0,0.0,0.0,0,0.0,0,0.0,0.0,0,0.0,4.0344827586206895,0,0
2016-10-31,0,0,0.0,0,0,0.0,0,0,0,0.0,0.0,0.0,0,0.0,0.0,0.0,0,0,0.0,0.0,0,0.0,0,0,0.18562874251497008,0,0.0,0.0,0.0,0,0.0,0,62.0,0.0,0.0,0.0,0.0,0.0,90.0,0,38.400000000000006,0.0,0.0,0.0,0,0,0,0,0,0,0.0,0,0.0,0.0,0,0.0,0.0,0.0,0,0.0,0,0.0,0.0,0.0,0.0,0.0,0,0.0,0,0.0,0.0,0,0.0,0.0,0,0
2016-11-30,0,0,0.0,0,0,0.0,0,0,0,0.0,0.0,0.0,0,0.0,0.0,3.0,0,0,0.0,0.0,0,0.0,0,0,0.17964071856287425,0,0.0,0.0,0.0,0,42.0,0,0.0,0.0,0.0,0.0,0.0,0.0,0.0,0,0.0,0.0,0.0,13.0,0,0,0,0,0,0,0.0,0,0.0,0.0,0,0.0,0.0,0.0,0,0.0,0,0.0,0.0,0.0,0.0,0.0,0,0.0,0,0.0,0.0,0,4.0,7.875,0,0
2016-12-31,0,0,0.0,0,0,0.0,0,0,0,0.0,0.0,3.0,0,0.0,0.0,2.0,0,0,0.0,0.0,0,0.0,0,0,0.0,0,0.0,0.0,0.0,0,8.166666666666668,0,0.0,0.0,0.0,175.0,0.0,0.0,0.0,0,8.166666666666668,0.0,0.0,0.0,0,0,0,0,0,0,0.0,0,0.0,0.0,0,0.0,0.0,0.0,0,0.0,0,0.0,0.0,0.0,0.0,0.0,0,0.0,9,0.0,0.0,0,0.0,0.0,0,0
2017-01-31,0,0,0.0,0,0,0.0,0,0,0,0.0,0.0,0.0,0,0.0,0.0,12.0,0,0,2.0,0.0,0,0.0,0,0,0.0,0,13.2,0.0,0.0,0,5.166666666666666,0,2.1818181818181817,0.0,0.0,0.0,1.0333333333333332,0.0,7.0,0,0.0,2.0,3.0,0.0,0,0,0,0,0,0,0.0,0,0.0,0.0,0,0.0,0.0,0.0,0,0.0,0,0.0,0.0,0.0,0.0,0.0,5,0.0,0,0.0,0.0,0,1.0714285714285714,7.071428571428571,0,0
2017-02-28,0,0,0.0,0,0,0.0,0,0,0,0.0,0.0,0.0,0,0.0,0.0,0.0,0,0,0.0,0.0,0,0.0,0,0,0.0,0,15.555555555555557,0.0,0.0,0,0.0,0,0.0,0.0,0.0,0.0,0.0,0.0,3.0,0,0.0,0.0,0.0,0.0,0,0,0,0,0,0,0.0,0,0.0,0.0,0,0.0,0.0,0.0,0,0.0,0,0.0,0.0,0.0,0.0,0.0,0,0.0,0,0.0,0.0,0,0.0,3.1111111111111107,0,0
2017-03-31,0,0,0.0,0,0,0.0,0,0,0,0.0,0.0,7.0,0,0.0,0.0,0.0,0,0,0.0,0.0,0,0.0,0,0,0.0,0,0.0,0.0,0.0,0,0.0,0,0.0,0.0,0.0,0.0,0.0,0.0,0.0,0,0.0,0.0,0.0,0.0,0,0,0,0,0,0,0.0,0,0.0,0.0,0,0.0,0.0,0.0,0,0.0,0,0.0,0.0,0.0,0.0,0.0,0,0.0,0,46.0,0.0,0,0.0,5.166666666666666,0,0
2017-04-30,0,0,0.0,0,0,0.0,0,0,0,0.0,0.0,0.0,0,0.0,0.0,0.0,0,0,6.571428571428571,0.0,0,0.0,0,0,0.0,8,6.6,0.0,0.0,0,0.0,0,0.0,0.0,0.0,0.0,96.0,0.0,0.0,0,0.0,0.0,0.0,0.0,0,0,0,0,0,0,0.0,0,0.0,32.0,0,16.0,0.0,0.0,0,0.0,0,0.0,0.0,0.0,0.0,0.0,0,0.0,0,0.0,150.375,0,0.0,0.0,0,16
2017-05-31,0,0,0.0,0,0,0.0,0,0,0,0.0,0.0,0.0,0,0.0,0.0,0.0,0,0,0.0,0.0,0,0.0,0,0,0.0,0,9.333333333333332,0.0,0.0,0,0.0,0,0.0,0.0,0.0,40.83333333333333,0.0,0.0,0.0,0,0.0,0.0,0.0,0.0,0,0,0,0,0,0,0.0,0,0.0,0.0,0,0.0,0.0,0.0,0,0.0,0,0.0,43.63636363636363,0.0,0.0,0.0,0,0.0,0,0.0,0.0,0,0.0,21.714285714285715,0,0
2017-06-30,0,0,0.0,0,0,0.0,0,0,0,0.0,0.0,0.0,0,0.0,0.0,0.0,0,0,0.0,0.0,0,0.0,0,0,5.0,0,0.0,0.0,0.0,0,0.0,0,0.0,0.0,0.0,0.0,32.0,0.0,0.0,0,0.0,0.0,0.0,3.3,0,0,0,0,0,0,0.0,0,0.0,0.0,0,0.0,0.0,0.0,0,0.0,0,0.0,0.0,0.0,0.0,0.0,0,0.0,0,0.0,0.0,0,0.0,4.714285714285714,0,60
2017-07-31,0,0,0.0,0,0,0.0,0,0,0,0.0,0.0,31.0,0,0.0,0.0,0.0,0,0,0.0,0.0,0,0.0,0,0,0.0,0,0.0,0.0,0.0,0,0.0,0,0.0,0.0,35.13448275862069,0.0,0.0,1.3449131513647643,0.0,0,0.0,0.0,0.0,0.0,0,0,0,0,0,0,0.0,0,0.0,0.0,0,19.5,0.0,0.0,0,0.0,0,0.0,0.0,0.0,0.0,0.0,0,0.0,0,0.0,0.0,0,0.0,0.0,0,0
2017-08-31,0,0,0.0,0,0,0.0,0,0,0,0.0,0.0,0.0,0,0.0,66.0,0.0,0,0,0.0,50.666666666666664,0,0.0,0,0,0.0,0,0.0,0.0,0.0,0,0.0,0,17.566666666666666,0.0,0.0,0.0,0.0,0.7642679900744417,0.0,0,0.0,0.0,0.0,19.0,0,0,0,0,0,0,2.0666666666666664,0,0.0,0.0,0,0.0,0.0,0.0,0,0.0,0,0.0,0.0,0.0,0.0,0.0,0,0.0,0,0.0,1.1111111111111112,0,0.0,0.0,0,0
2017-09-30,0,0,0.0,0,0,0.0,0,0,0,0.0,0.0,0.0,0,0.0,0.0,0.0,0,0,3.0,0.0,0,0.0,0,0,0.0,0,0.0,0.0,0.0,0,0.0,0,0.0,0.0,0.0,0.0,0.0,0.0,4.0,0,0.0,0.0,0.0,0.0,0,0,0,0,0,0,0.0,0,0.0,0.0,0,0.0,0.0,25.0,0,0.0,0,0.0,0.0,0.0,0.0,0.0,0,0.0,0,0.0,0.0,0,0.0,0.0,0,0
2017-10-31,0,0,0.0,0,0,0.0,0,0,0,0.0,0.0,0.0,0,0.0,0.0,0.0,0,0,0.0,0.0,0,0.0,0,0,0.0,0,6.666666666666667,0.0,0.0,0,0.0,0,0.0,0.0,0.0,0.0,0.0,0.0,0.0,0,0.0,0.0,0.0,0.0,0,0,0,0,17,0,0.0,0,0.0,0.0,0,0.0,0.0,0.0,0,0.0,0,0.0,0.0,0.0,0.0,0.0,0,0.0,0,0.0,0.0,0,0.0,0.0,0,0
2017-11-30,0,0,0.0,0,0,0.0,0,0,0,0.0,0.0,0.0,0,0.0,0.0,53.0,0,0,0.0,0.0,0,0.0,0,0,0.0,0,4.166666666666667,0.0,0.0,0,0.0,0,0.0,86.66666666666667,0.0,0.0,0.0,0.0,0.0,0,0.0,0.0,0.0,0.0,0,0,0,0,0,0,0.0,0,0.0,0.0,0,0.0,0.0,0.0,0,0.0,0,0.0,0.0,0.0,0.0,0.0,0,0.0,0,0.0,0.0,0,3.0,0.0,0,0
2017-12-31,0,0,0.0,0,0,0.0,0,0,0,0.0,0.0,0.0,0,0.0,0.0,0.0,0,0,0.0,0.0,0,0.0,0,0,15.0,0,0.0,0.0,0.0,0,21.0,0,0.0,2.0,0.0,0.0,0.0,0.0,0.0,0,0.0,0.0,0.0,4.0,0,0,0,0,0,0,0.0,0,0.0,0.0,0,15.0,0.0,0.0,0,258.0,0,0.0,0.0,86.0,0.0,0.0,0,0.0,0,0.0,0.0,0,5.0,9.133333333333333,0,0
2018-01-31,0,0,0.0,0,0,0.0,0,0,0,0.0,0.0,0.0,0,0.0,0.0,0.0,0,0,0.0,0.0,0,0.0,0,0,9.0,0,0.0,0.0,0.0,0,5.5,0,2.438202247191011,0.0,0.0,0.0,7.0,0.0,0.0,0,0.0,0.0,0.0,14.0,0,0,0,0,0,0,0.0,0,0.0,0.0,0,0.0,0.0,0.0,0,0.0,0,0.0,0.0,0.0,0.0,0.0,0,0.0,0,0.0,1.5,0,0.0,2.0,0,0
2018-02-28,64,0,0.0,0,0,0.0,0,0,0,0.0,0.0,0.0,0,0.0,0.0,0.0,0,0,0.0,0.0,0,0.0,0,0,0.0,0,0.0,0.0,0.0,0,0.0,0,2.202247191011236,0.0,0.0,0.0,0.0,0.0,0.0,0,0.0,0.0,0.0,0.0,0,0,0,0,0,0,0.0,0,0.0,0.0,0,0.0,0.0,0.0,0,12.0,0,0.0,0.0,0.0,0.0,76.5,0,0.0,0,13.0,0.0,0,0.0,2.9310344827586206,0,0
2018-03-31,0,0,0.0,0,0,0.0,0,0,0,0.0,0.0,0.0,0,0.0,0.0,0.0,0,0,0.0,0.0,0,0.0,0,0,1.0,0,6.0,0.0,0.0,0,0.0,0,2.438202247191011,0.0,0.0,0.0,2.0,0.0,0.0,0,0.0,0.0,0.0,1.0,0,0,0,0,0,0,0.0,0,0.0,0.0,0,2.0,0.0,0.0,0,1.0,0,0.0,0.0,22.0,0.0,0.0,0,0.0,0,6.0,0.0,0,0.0,2.1379310344827585,0,0
2018-04-30,0,0,1.0,0,0,0.0,0,0,0,0.0,0.0,0.0,0,0.0,0.0,0.0,0,0,0.0,0.0,0,16.0,0,0,0.0,0,0.0,0.0,0.0,0,73.62631578947368,0,0.0,22.603653846153847,0.0,0.0,0.0,0.0,0.0,0,1.330877192982456,0.0,0.0,0.0,0,0,0,14,0,0,0.0,0,0.0,0.0,0,35.0,0.0,8.0,0,0.0,0,11.0,0.0,0.0,0.0,0.0,0,0.0,0,27.0,5.499999999999999,0,2.776315789473684,0.0,0,0
2018-05-31,0,0,0.0,0,0,0.0,0,0,0,0.0,0.0,0.0,0,0.0,0.0,0.0,2,0,0.0,0.0,0,0.0,0,0,0.0,0,0.0,0.0,0.0,0,120.84210526315789,0,0.0,33.5674358974359,0.0,0.0,0.0,0.0,0.0,0,16.308070175438598,0.0,0.0,1.5,0,0,0,12,0,0,0.0,0,0.0,0.0,0,29.0,0.0,0.0,0,0.0,0,0.0,0.0,0.0,0.0,0.0,0,0.0,0,0.0,1.55,0,1.8355263157894737,10.0,0,0
2018-06-30,0,0,2.0,0,0,0.0,0,0,0,0.0,0.0,0.0,0,0.0,0.0,0.0,0,0,0.0,2.328358208955224,0,0.0,0,0,10.0,0,0.0,0.0,0.0,0,4.0,0,0.0,10.6,0.0,18.0,0.0,0.0,0.0,0,4.3999999999999995,0.0,0.0,0.0,0,0,0,0,2,3,0.0,0,0.0,0.0,0,0.0,10.0,0.0,0,0.0,0,0.0,0.0,0.0,32.0,0.0,0,0.0,0,0.0,32.0,0,3.776315789473684,0.0,0,0
2018-07-31,0,0,50.0,0,0,0.0,0,0,0,0.0,0.0,0.0,0,0.0,0.0,0.0,0,0,0.0,2.7761194029850746,0,0.0,0,0,0.0,4,6.0,0.0,0.0,0,0.0,0,0.0,0.48,0.0,0.0,0.0,0.0,0.0,0,0.05333333333333334,0.0,0.0,0.0,0,0,0,0,0,0,0.0,0,0.0,138.0,0,0.0,0.0,0.0,0,0.0,0,0.0,0.0,0.0,0.0,0.0,0,0.0,0,0.0,2.0,0,1.8355263157894737,0.674863387978142,0,0
2018-08-31,0,0,0.0,0,0,0.0,0,0,0,0.0,0.0,0.0,0,0.0,0.0,0.0,0,0,0.0,0.9850746268656716,0,10.0,0,0,0.0,0,0.0,0.0,0.0,0,0.0,0,0.0,0.0,0.0,0.0,0.0,0.0,0.0,0,0.0,0.0,0.0,0.0,0,0,0,0,0,0,0.0,0,0.0,0.0,0,0.0,0.0,0.0,0,0.0,0,0.0,0.0,84.0,0.0,0.0,0,0.0,0,0.0,0.0,0,1.8355263157894737,2.2304189435336976,0,0
2018-09-30,0,0,0.0,0,0,0.0,0,0,0,0.0,0.0,0.0,0,0.0,0.0,0.0,0,0,0.0,0.0,0,0.0,0,0,1.1495327102803738,0,9.0,30.333333333333332,0.0,0,0.0,0,13.0,0.0,0.0,0.0,0.0,0.0,0.0,0,0.0,0.0,0.0,0.0,1,0,0,0,0,0,0.0,0,0.0,0.0,0,0.0,0.0,0.0,0,0.0,0,0.0,0.0,0.0,0.0,0.0,0,0.0,0,0.0,4.0,0,0.0,2.658469945355191,0,0
2018-10-31,0,0,0.0,0,0,0.0,0,0,0,0.0,0.0,0.0,0,0.0,0.0,0.0,0,0,0.0,0.0,0,0.0,0,0,0.2897196261682243,0,15.0,0.0,0.0,0,0.0,0,0.0,0.0,0.0,0.0,0.0,0.0,0.0,0,0.0,0.0,0.0,0.0,0,0,0,0,0,0,0.0,0,0.0,70.0,0,0.0,0.0,0.0,0,2.0,0,0.0,0.0,0.0,0.0,0.0,0,0.0,0,0.0,7.640909090909091,0,0.0,24.50819672131147,0,0
2018-11-30,0,0,0.0,0,0,0.0,0,0,0,0.0,0.0,0.0,0,0.0,0.0,0.0,0,0,0.0,0.0,0,0.0,0,0,1.2803738317757007,0,17.0,0.0,0.0,0,0.0,0,0.0,0.0,0.0,0.0,0.0,0.0,0.0,0,0.0,0.0,0.0,0.0,0,0,0,0,0,0,0.0,0,0.0,8.727272727272727,0,0.0,0.0,0.0,0,0.0,0,0.0,0.0,0.0,0.0,0.0,0,0.0,0,0.0,3.0344827586206895,0,0.0,1.5262860373092144,0,0
2018-12-31,0,0,5.0,0,0,0.0,0,0,0,0.0,0.0,0.0,0,0.0,0.0,0.0,0,0,0.0,0.0,0,31.5,0,0,16.289719626168225,0,0.0,0.0,0.0,0,0.0,0,0.0,0.0,0.0,0.0,0.0,0.0,0.0,0,1.0,0.0,0.0,0.0,0,0,0,0,0,0,0.0,0,1.0333333333333332,0.0,0,0.0,0.0,0.0,0,0.0,0,0.0,0.0,0.0,0.0,0.0,0,0.0,0,0.0,0.0,0,0.0,1.5081967213114755,0,0
2019-01-31,0,0,41.0,0,0,0.0,0,0,0,0.0,0.0,0.0,0,0.0,0.0,1.0,0,0,0.0,0.0,0,0.0,0,0,38.0,0,0.0,0.0,0.0,0,0.0,0,6.0,0.0,0.0,0.0,0.0,0.0,0.0,0,0.0,0.0,0.0,0.0,0,0,0,0,5,0,0.0,0,0.0,0.0,0,0.0,0.0,0.0,0,0.0,0,0.0,0.0,0.0,0.0,0.0,0,0.0,0,0.0,0.0,0,0.0,12.0,0,0
2019-02-28,0,0,0.0,0,0,0.0,0,0,0,0.0,0.0,0.0,0,0.0,0.0,0.0,0,0,0.0,0.0,0,0.0,0,0,0.0,0,0.0,0.0,0.0,0,0.0,0,2.0,0.0,0.0,0.0,0.0,0.0,0.0,0,0.0,0.0,0.0,26.0,8,0,0,0,0,0,0.0,0,0.0,0.0,0,0.0,0.0,0.0,0,0.0,0,0.0,0.0,0.0,0.0,0.0,0,0.0,0,4.0,0.0,0,0.0,8.5,0,0
2019-03-31,0,0,0.0,0,0,0.0,0,0,0,0.0,0.0,0.0,0,0.0,0.0,0.0,0,0,0.0,0.0,0,0.0,0,0,0.0,0,0.0,0.0,0.0,0,0.0,0,0.0,0.0,0.0,0.0,0.0,0.0,0.0,0,0.0,0.0,0.0,0.0,0,0,0,0,0,0,0.0,0,0.0,3.0,0,0.0,0.0,0.0,0,0.0,0,0.0,0.0,21.0,21.0,0.0,62,0.0,0,0.0,0.0,0,0.0,0.0,0,0
2019-04-30,0,0,0.0,0,0,0.0,0,0,0,0.0,0.0,0.0,0,0.0,0.0,0.0,0,0,0.0,0.0,0,0.0,0,0,0.0,0,0.0,0.0,0.0,0,0.0,0,4.0,0.0,0.0,0.0,0.0,0.0,0.0,0,0.0,0.0,0.0,0.0,0,0,0,0,0,0,0.0,1,0.0,81.0,0,0.0,0.0,0.0,0,0.0,0,0.0,0.0,0.0,7.0,0.0,0,0.0,0,0.0,0.0,0,0.0,4.0,0,0
2019-05-31,0,0,0.0,0,0,0.0,0,0,0,0.0,0.0,0.0,0,0.0,0.0,0.0,0,0,0.0,0.0,0,0.0,0,0,6.0,0,0.0,0.0,0.0,0,0.0,0,0.0,3.0,0.0,0.0,0.0,0.0,0.0,0,0.0,0.0,0.0,0.0,0,0,0,0,0,0,0.0,0,0.0,17.0,0,0.0,0.0,0.0,0,0.0,0,0.0,0.0,0.0,0.0,0.0,0,28.0,0,0.0,0.0,0,0.0,0.0,0,0
2019-06-30,0,0,0.0,0,0,0.0,0,0,0,0.0,0.0,0.0,0,0.0,0.0,0.0,0,0,0.0,0.0,0,0.0,0,0,0.0,0,0.0,0.0,0.0,0,0.0,0,0.0,0.0,0.0,0.0,0.0,0.0,0.0,0,0.0,0.0,0.0,0.0,0,0,0,0,0,0,0.0,0,0.0,0.0,0,0.0,0.0,0.0,0,4.0,0,0.0,0.0,0.0,0.0,0.0,0,0.0,0,0.0,0.0,0,0.0,0.0,0,0
2019-07-31,0,0,0.0,0,0,0.0,0,0,0,0.0,0.0,0.0,0,0.0,0.0,0.0,0,0,0.0,0.0,0,0.0,0,0,11.0,0,0.0,0.0,0.0,0,0.0,0,0.0,0.0,0.0,0.0,0.0,0.0,0.0,0,2.0,0.0,0.0,0.0,0,0,0,0,0,0,0.0,0,0.0,0.0,0,0.0,0.0,0.0,0,21.0,0,0.0,0.0,0.0,0.0,0.0,0,0.0,0,0.0,0.0,0,0.0,0.0,0,0
2019-08-31,0,0,0.0,0,0,0.0,0,0,0,0.0,0.0,0.0,0,0.0,0.0,0.0,0,0,0.0,0.0,0,0.0,0,0,13.0,0,0.0,2.0,0.0,0,0.0,0,1.0,0.0,0.0,0.0,0.0,0.0,0.0,0,2.723404255319149,22.0,0.0,0.0,0,0,0,0,0,0,0.0,0,0.0,0.0,0,0.0,0.0,0.0,0,0.0,0,0.0,0.0,0.0,0.0,0.0,0,0.0,0,0.0,0.0,0,0.0,0.0,0,0
2019-09-30,0,0,0.0,0,0,0.0,0,0,0,0.0,0.0,0.0,0,0.0,0.0,0.0,0,0,0.0,0.0,0,0.0,0,0,16.0,0,0.0,0.0,0.0,0,0.0,0,0.0,0.0,0.0,0.0,0.0,0.0,0.0,0,20.425531914893618,0.0,0.0,0.0,0,0,0,0,0,0,0.0,0,0.0,0.0,0,0.0,0.0,0.0,0,11.0,0,0.0,0.0,0.0,0.0,0.0,0,0.0,0,0.0,0.0,0,0.0,0.0,0,0
2019-10-31,0,0,0.0,0,0,0.0,0,0,0,0.0,0.0,0.0,0,0.0,0.0,0.0,0,0,0.0,0.0,0,0.0,0,0,0.0,0,0.0,0.0,0.0,0,1.0,0,0.0,0.0,0.0,0.0,0.0,0.0,0.0,0,21.106382978723403,0.0,0.0,13.0,0,0,0,0,0,0,0.0,0,0.0,0.0,0,0.0,0.0,0.0,0,0.0,0,0.0,0.0,0.0,0.0,0.0,0,0.0,0,0.0,0.0,0,0.0,0.0,0,0
2019-11-30,0,0,0.0,0,0,0.0,0,0,0,0.0,0.0,0.0,0,0.0,0.0,0.0,0,0,0.0,0.0,0,0.0,0,0,0.0,0,0.0,0.0,0.0,0,0.0,0,0.0,0.0,0.0,0.0,0.0,0.0,0.0,0,20.425531914893618,0.0,0.0,0.0,0,0,0,0,0,0,0.0,0,0.0,0.0,0,0.0,0.0,0.0,0,0.0,92,0.0,0.0,0.0,0.0,0.0,0,0.0,0,0.0,0.0,0,0.0,0.0,0,0
2019-12-31,0,0,0.0,0,0,0.0,0,0,0,0.0,0.0,0.0,0,0.0,0.0,0.0,0,0,0.0,0.0,0,0.0,0,0,0.0,0,0.0,0.0,0.0,0,0.0,0,0.0,0.0,0.0,0.0,0.0,0.0,0.0,0,0.0,0.0,0.0,0.0,0,0,0,0,0,0,0.0,0,0.0,0.0,0,0.0,0.0,0.0,0,0.0,0,0.0,0.0,0.0,0.0,0.0,0,0.0,0,0.0,0.0,0,0.0,0.0,0,0
2020-01-31,0,0,0.0,0,0,0.0,0,0,0,0.0,0.0,0.0,0,0.0,0.0,0.0,0,0,0.0,0.0,0,0.0,0,0,1.0,0,0.0,0.0,0.0,0,0.0,0,0.0,0.0,0.0,0.0,0.0,2.0,0.0,0,0.0,0.0,0.0,0.0,0,0,0,0,0,0,0.0,0,0.0,0.0,0,0.0,0.0,0.0,0,51.36666666666667,0,0.0,0.0,0.0,0.0,0.0,0,0.0,0,0.0,0.0,0,0.0,0.0,0,0
2020-02-29,0,0,0.0,0,0,0.0,0,0,0,0.0,0.0,0.0,0,0.0,0.0,0.0,0,0,0.0,0.0,0,0.0,0,0,0.0,0,0.0,0.0,0.0,0,0.0,0,0.0,0.0,0.0,0.0,0.0,2.2222222222222223,0.0,0,0.0,0.0,0.5333333333333334,0.0,0,0,0,0,0,0,0.0,0,0.0,14.0,0,0.0,0.0,0.0,0,2.0,0,0.0,0.0,0.0,0.0,0.0,0,0.0,0,0.0,0.0,0,0.0,1.0,0,0
2020-03-31,0,0,0.0,0,0,0.0,0,0,0,0.0,0.0,0.0,0,0.0,0.0,0.0,0,0,0.0,0.0,0,0.0,0,0,0.0,0,0.0,0.0,0.0,0,0.0,0,0.0,0.0,0.0,0.0,0.0,0.0,0.0,0,0.0,22.0,1.180952380952381,0.0,0,0,0,0,0,0,0.0,0,0.0,0.0,0,0.0,0.0,0.0,0,0.0,26,0.0,0.0,0.0,0.0,0.0,0,0.0,0,0.0,0.0,0,0.0,0.0,0,0
2020-04-30,0,0,0.0,0,5,0.0,0,0,0,0.0,0.0,0.0,0,0.0,9.0,0.0,0,0,0.0,0.0,0,0.0,0,0,0.0,0,2.0,0.0,0.0,0,0.0,0,1.0,0.0,0.0,0.0,0.0,0.0,0.0,0,0.0,0.0,1.142857142857143,1.0,0,0,0,0,0,0,0.0,0,0.0,0.0,0,0.0,0.0,0.0,0,0.0,0,0.0,0.0,0.0,0.0,1.0,0,0.0,0,0.0,0.0,0,0.0,2.0,0,0
2020-05-31,0,0,0.0,0,0,0.0,0,0,0,0.0,0.0,0.0,0,0.0,17.142857142857142,0.0,0,0,0.0,0.0,0,0.0,0,0,4.0,0,0.0,0.0,0.0,0,0.0,0,9.0,0.0,0.0,0.0,0.0,0.0,0.0,0,0.0,0.0,1.180952380952381,0.0,0,0,0,0,0,0,0.0,0,0.0,0.0,0,0.0,0.0,0.0,0,0.0,0,0.0,0.0,0.0,0.0,0.0,0,0.0,0,600.0,0.0,0,0.0,0.0,0,0
2020-06-30,0,0,0.0,0,0,0.0,0,0,0,0.0,0.0,22.0,0,0.0,0.0,0.0,0,0,0.0,0.0,0,0.0,0,0,8.0,0,0.0,0.0,0.0,0,0.0,0,0.0,0.0,0.0,0.0,0.0,0.0,0.0,0,0.0,0.0,0.0,1.0,0,0,0,0,0,0,0.0,0,0.0,5.0,0,0.0,0.0,0.0,0,0.0,0,0.0,0.0,0.0,32.0,0.0,0,0.0,0,0.0,0.0,0,30.0,0.0,0,0
2020-07-31,0,0,0.0,0,0,0.0,0,0,0,0.0,0.0,50.0,0,0.0,0.0,43.0,0,0,0.0,0.0,0,0.0,0,0,7.0,0,0.0,0.0,0.0,0,0.0,0,0.0,0.0,0.0,0.0,0.0,0.0,0.0,0,0.0,0.0,2.0,2.0,0,0,0,0,0,0,0.0,0,0.0,29.0,0,0.0,0.0,0.0,0,3.0,0,0.0,0.0,0.0,0.0,0.0,0,0.0,5,0.0,0.0,0,0.0,0.0,0,0
2020-08-31,0,0,0.0,0,0,0.0,0,0,0,0.0,0.0,0.0,0,0.0,0.0,0.0,0,0,0.0,0.0,0,0.0,0,0,22.0,0,4.0,0.0,0.0,0,0.0,0,0.0,0.0,0.0,0.0,0.0,0.0,0.0,0,0.0,0.0,0.0,0.0,0,0,0,0,0,0,0.0,0,0.0,0.0,0,0.0,0.0,0.0,0,0.0,0,0.0,0.0,1.0,0.0,0.0,0,0.0,0,0.0,0.0,0,0.0,1.0,0,0
2020-09-30,0,0,0.0,0,0,0.0,0,0,0,0.0,0.0,0.0,0,0.0,32.25,0.0,0,0,0.0,0.0,0,0.0,0,0,0.0,0,0.0,0.0,0.0,0,0.0,0,0.0,0.0,0.0,0.0,0.0,0.0,0.0,0,0.0,0.0,0.0,1.0,0,0,0,0,0,0,0.0,0,0.0,0.0,0,0.0,0.0,0.0,0,0.0,0,0.0,0.0,0.0,0.0,0.0,0,0.0,0,0.0,0.0,0,0.0,0.0,0,0
2020-10-31,0,0,0.0,0,0,0.0,0,0,0,0.0,0.0,0.0,0,0.0,5.5,0.0,0,0,0.0,0.0,0,0.0,0,0,0.0,0,0.0,0.0,0.0,0,0.0,0,0.0,0.0,0.0,0.0,0.0,0.0,0.0,0,0.0,0.0,0.0,0.0,0,0,0,0,0,0,0.0,0,0.0,0.0,0,0.0,0.0,0.0,0,0.0,0,0.0,0.0,0.0,0.0,0.0,0,0.0,0,0.0,0.0,0,0.0,0.0,0,0
2020-11-30,0,0,0.0,0,0,0.0,0,0,0,0.0,0.0,0.0,0,0.0,0.0,0.0,0,0,0.0,0.0,0,0.0,0,0,11.0,0,0.0,0.0,0.0,0,0.0,0,0.0,0.0,0.0,0.0,0.0,0.0,0.0,0,0.0,0.0,0.0,0.0,0,0,0,0,0,0,0.0,0,0.0,0.0,0,0.0,0.0,0.0,0,0.0,0,0.0,0.0,0.0,0.0,0.0,0,0.0,0,0.0,0.0,0,0.0,0.0,0,0
2020-12-31,0,0,0.0,0,0,0.0,0,0,0,0.0,0.0,0.0,0,0.0,0.0,0.0,0,0,0.0,0.0,0,0.0,0,0,0.0,0,0.0,0.0,0.0,0,0.0,0,2.0,0.0,0.0,0.0,0.0,0.0,0.0,0,0.0,0.0,0.0,0.0,0,0,0,0,0,0,0.0,0,0.0,0.0,0,0.0,0.0,0.0,0,0.0,0,0.0,0.0,0.0,0.0,0.0,0,0.0,0,0.0,0.0,0,0.0,0.0,0,0
2021-01-31,0,0,0.0,0,0,0.0,0,0,0,0.0,0.0,0.0,0,0.0,0.0,0.0,0,0,0.0,0.0,0,0.0,0,0,0.0,0,0.0,0.0,0.0,0,0.0,0,0.0,0.0,0.0,0.0,0.0,0.0,0.0,0,0.0,0.0,0.0,0.0,0,0,0,0,0,0,0.0,0,0.0,0.0,0,0.0,0.0,0.0,0,0.0,0,0.0,0.0,0.0,0.0,0.0,0,0.0,0,0.0,0.0,0,0.0,0.0,0,0
2021-02-28,0,0,0.0,0,0,0.0,0,0,0,0.0,0.0,0.0,0,0.0,0.0,0.0,0,0,0.0,0.0,0,0.0,0,0,0.0,0,0.0,0.0,0.0,0,0.0,0,0.0,0.0,0.0,0.0,0.0,0.0,0.0,0,0.0,0.0,0.0,0.0,0,0,0,0,0,0,0.0,0,0.0,0.0,0,0.0,0.0,0.0,0,0.0,7,0.0,0.0,2.0,0.0,0.0,0,0.0,0,0.0,0.0,0,0.0,0.0,0,0
2021-03-31,0,0,0.0,0,0,0.0,0,0,0,0.0,0.0,0.0,28,0.0,27.8,0.0,0,0,0.0,0.0,0,0.0,0,0,0.0,0,0.0,5.0,0.0,0,0.0,0,1.0,0.0,0.0,0.0,0.0,0.0,0.0,0,0.0,0.0,0.0,0.0,0,0,5,0,0,0,0.0,0,0.0,0.0,0,0.0,0.0,0.0,0,0.0,0,0.0,0.0,0.0,4.428571428571428,0.0,4,0.0,0,0.0,0.0,0,0.0,0.0,0,0
2021-04-30,0,0,0.0,0,0,0.0,0,0,0,0.0,0.0,0.0,0,0.0,0.0,0.0,0,0,0.0,0.0,3,0.0,0,0,0.0,0,0.0,0.0,0.0,0,0.0,0,0.0,0.0,0.0,0.0,0.0,0.0,0.0,0,0.0,0.0,0.0,0.0,0,0,0,0,0,0,0.0,0,0.0,0.0,0,0.0,0.0,0.0,0,0.0,0,0.0,0.0,0.0,9.285714285714286,0.0,0,0.0,0,0.0,0.0,0,0.0,0.0,0,0
2021-05-31,0,0,0.0,0,0,0.0,0,0,0,0.0,0.0,0.0,0,0.0,0.0,0.0,0,0,0.0,0.0,0,0.0,0,0,0.0,0,0.0,0.0,0.0,0,0.0,0,6.666666666666666,0.0,0.0,0.0,0.0,0.0,0.0,10,0.0,0.0,0.0,0.0,0,0,0,0,0,0,0.0,0,0.0,178.28571428571428,0,0.0,0.0,0.0,0,22.0,0,0.0,0.0,0.0,4.428571428571428,0.0,0,0.0,0,0.0,0.0,0,0.0,0.0,0,0
2021-06-30,0,0,0.0,0,0,0.0,0,0,0,0.0,0.0,0.0,4,0.0,26.73170731707317,0.0,0,0,0.0,0.0,0,0.0,0,0,0.0,0,0.0,0.0,0.0,0,0.0,0,12.666666666666666,0.0,0.0,0.0,0.0,0.0,0.0,0,0.0,0.0,0.0,0.0,0,0,0,0,0,0,0.0,0,0.0,0.0,0,0.0,0.0,0.0,0,30.341463414634145,0,52.93956043956044,0.0,0.0,4.285714285714286,0.0,0,0.0,0,0.0,0.0,0,0.0,0.0,0,0
2021-07-31,0,0,0.0,0,0,0.0,0,0,0,0.0,0.0,0.0,0,0.0,4.439024390243903,0.0,0,0,0.0,0.0,0,0.0,0,0,0.0,0,0.0,0.0,0.0,0,0.0,0,0.0,0.0,0.0,0.0,0.0,0.0,0.0,0,0.0,0.0,0.0,3.0,0,0,0,0,0,0,0.0,0,0.0,0.0,0,0.0,0.0,0.0,0,3.8048780487804876,0,52.120879120879124,0.0,17.333333333333332,41.214285714285715,0.0,0,0.0,0,0.0,0.0,0,0.0,2.0,0,0
2021-08-31,0,0,0.0,0,0,0.0,0,0,0,0.0,0.0,0.0,0,0.0,0.0,0.0,0,0,0.0,0.0,0,0.0,0,0,0.0,0,0.0,0.0,0.0,0,0.0,0,0.0,0.0,0.0,0.0,0.0,0.0,0.0,0,0.0,0.0,0.0,0.0,0,0,0,0,0,0,0.0,0,0.0,0.0,0,0.0,0.0,0.0,0,0.0,0,74.12087912087912,0.0,70.0,0.0,0.0,0,0.0,0,0.0,0.0,0,0.0,0.0,0,0
2021-09-30,0,0,0.0,0,0,0.0,0,0,0,0.0,0.0,0.0,0,0.0,0.0,0.0,0,0,0.0,0.0,0,0.0,0,0,0.0,0,0.0,0.0,0.0,0,0.0,0,0.0,0.0,0.0,0.0,0.0,0.0,0.0,0,0.0,0.0,0.0,0.0,0,0,0,0,0,0,0.0,0,0.0,0.0,0,0.0,0.0,0.0,0,0.0,0,17.07142857142857,0.0,0.0,0.0,0.0,0,0.0,0,0.0,0.0,0,0.0,0.0,0,0
2021-10-31,0,0,0.0,0,0,0.0,0,0,0,0.0,0.0,0.0,0,0.0,0.0,0.0,0,0,0.0,0.0,0,0.0,0,0,0.0,0,0.0,0.0,0.0,0,0.0,0,0.0,0.0,0.0,0.0,0.0,0.0,0.0,0,0.0,0.0,0.0,0.0,0,0,0,0,0,0,0.0,0,0.0,0.0,0,0.0,0.0,0.0,0,0.0,0,0.0,0.0,62.0,37.0,0.0,0,0.0,0,0.0,0.0,0,0.0,0.0,0,0
2021-11-30,0,0,0.0,0,0,0.0,0,0,0,0.0,0.0,0.0,0,0.0,0.0,0.0,0,0,0.0,0.0,0,0.0,0,0,0.0,0,0.0,0.0,0.0,0,0.0,0,0.0,0.0,0.0,0.0,0.0,0.0,0.0,0,0.0,0.0,0.0,0.0,0,0,0,0,0,0,0.0,0,0.0,0.0,0,0.0,0.0,0.0,0,0.0,0,0.0,0.0,0.0,0.0,0.0,0,0.0,0,0.0,0.0,0,0.0,0.0,0,0
2021-12-31,0,0,0.0,0,0,0.0,0,0,0,0.0,0.0,0.0,0,0.0,0.0,0.0,0,0,7.0,0.0,0,0.0,0,0,0.0,0,0.0,2.0,0.0,0,0.0,0,7.0,0.0,0.0,0.0,0.0,0.0,0.0,0,0.0,0.0,0.0,0.0,0,0,0,0,0,0,0.0,0,0.0,0.0,0,0.0,0.0,0.0,0,0.0,0,0.0,0.0,0.0,15.0,0.0,0,0.0,0,0.0,0.0,0,0.0,0.0,0,0
2022-01-31,0,0,0.0,0,0,0.0,0,0,0,0.0,0.0,32.0,0,0.0,0.0,0.0,3,0,0.0,0.0,0,0.0,0,0,0.0,0,0.0,0.0,0.0,0,0.0,0,0.0,0.0,0.0,0.0,0.0,0.0,0.0,0,0.0,0.0,0.0,0.0,0,0,0,0,0,0,0.0,0,0.0,0.0,0,0.0,0.0,0.0,0,0.0,0,1.0,0.0,0.0,0.0,0.0,0,0.0,0,0.0,0.0,0,0.0,0.0,0,0
2022-02-28,0,0,0.0,0,0,0.0,0,0,0,0.0,0.0,0.0,0,0.0,0.0,0.0,0,0,0.0,0.0,0,0.0,0,0,0.0,0,0.0,0.0,0.0,0,0.0,0,1.0,0.0,0.0,0.0,20.0,0.0,0.0,0,0.0,0.0,0.0,0.0,0,0,0,0,0,0,0.0,0,0.0,0.0,0,0.0,0.0,0.0,0,0.0,0,0.0,0.0,0.0,1.0,0.0,0,0.0,0,0.0,0.0,0,0.0,0.0,0,0
2022-03-31,0,0,0.0,0,0,0.0,0,0,0,0.0,0.0,0.0,0,0.0,0.0,14.0,0,0,0.0,0.0,0,0.0,0,0,0.0,0,0.0,0.0,0.0,0,0.0,0,0.0,0.0,0.0,0.0,2.0,0.0,0.0,0,0.0,0.0,0.0,0.0,0,0,0,0,0,0,0.0,0,0.0,0.0,0,0.0,0.0,18.0,1,0.0,0,0.0,0.0,0.0,0.0,0.0,2,0.0,0,0.0,0.0,1,0.0,3.0,0,0
2022-04-30,0,0,0.0,0,0,0.0,0,0,0,0.0,0.0,0.0,0,0.0,0.0,0.0,0,0,0.0,0.0,0,0.0,0,0,0.0,0,0.0,0.0,0.0,0,0.0,0,0.0,46.666666666666664,0.0,0.0,0.0,0.0,0.0,0,0.0,0.0,0.0,0.0,0,0,0,0,0,0,0.0,0,0.0,0.0,0,0.0,0.0,0.0,0,0.0,0,0.0,0.0,0.0,26.0,0.0,0,0.0,0,0.0,0.0,0,0.0,0.0,0,0
2022-05-31,0,0,0.0,0,0,0.0,0,0,0,0.0,0.0,0.0,0,0.0,0.0,0.0,0,0,0.0,0.0,0,0.0,0,0,0.0,0,3.0,0.0,0.0,0,0.0,0,0.0,0.0,0.0,0.0,0.0,0.0,0.0,0,0.0,0.0,0.0,0.0,0,0,0,0,0,0,0.0,0,0.0,0.0,0,0.0,0.0,0.0,0,7.0,0,0.0,0.0,0.0,0.0,0.0,0,2.0,0,0.0,0.0,0,0.0,0.0,0,0
2022-06-30,0,0,0.0,0,0,0.0,0,0,0,0.0,0.0,0.0,0,0.0,0.0,0.0,0,0,0.0,0.0,0,0.0,0,0,0.0,0,0.0,0.0,0.0,0,0.0,0,0.0,0.0,0.0,0.0,0.0,0.0,0.0,0,0.0,0.0,0.0,0.0,0,0,0,0,0,0,0.0,0,0.0,0.0,0,0.0,0.0,0.0,1,0.0,0,0.0,0.0,0.0,0.0,0.0,0,0.0,0,0.0,0.0,0,0.0,0.0,0,0
2022-07-31,0,0,0.0,0,0,0.0,0,0,0,0.0,0.0,0.0,0,0.0,0.0,0.0,0,0,0.0,0.0,0,0.0,0,0,3.0,0,0.0,0.0,293.75,0,0.0,0,0.0,0.0,0.0,0.0,0.0,0.0,0.0,0,0.0,0.0,0.0,0.0,0,0,0,0,0,0,0.0,0,0.0,0.0,0,0.0,0.0,0.0,0,0.0,0,0.0,0.0,0.0,38.0,0.0,0,0.0,0,0.0,0.0,0,0.0,0.0,0,0
2022-08-31,0,0,0.0,0,0,0.0,0,0,0,0.0,0.0,0.0,0,0.0,0.0,0.0,0,0,0.0,0.0,0,0.0,0,0,0.0,0,0.0,0.0,0.0,0,7.062992125984252,0,0.0,0.0,0.0,0.0,0.0,0.0,0.0,0,0.0,0.0,12.777277840269967,0.0,0,0,0,0,0,0,0.0,0,0.0,0.0,0,0.0,0.0,0.0,0,0.0,0,0.0,0.0,0.0,0.0,0.0,0,0.0,0,13.739032620922385,0.0,0,0.0,0.0,0,0
2022-09-30,0,0,0.0,0,0,0.0,0,0,0,0.0,0.0,0.0,0,0.0,0.0,0.0,0,0,0.0,0.0,0,0.0,0,0,0.0,0,0.0,0.0,0.0,0,9.21259842519685,0,0.0,0.0,0.0,0.0,0.0,0.0,0.0,0,0.0,0.0,9.21259842519685,0.0,0,0,0,0,0,0,0.0,100,0.0,0.0,0,0.0,0.0,0.0,0,0.0,0,0.0,0.0,0.0,0.0,0.0,0,0.0,0,8.976377952755906,0.0,0,0.0,0.0,0,0
2022-10-31,0,0,0.0,0,0,0.0,0,0,0,0.0,0.0,0.0,0,0.0,0.0,0.0,0,0,4.0,0.0,0,0.0,0,0,0.0,0,0.0,0.0,0.0,0,9.51968503937008,0,0.0,0.0,0.0,0.0,0.0,0.0,0.0,0,0.0,0.0,9.51968503937008,0.0,0,0,0,0,0,0,0.0,0,0.0,0.0,0,0.0,0.0,0.0,0,0.0,0,0.0,0.0,18.0,0.0,0.0,0,0.0,0,9.275590551181104,0.0,0,0.0,0.0,0,0
2022-11-30,0,0,0.0,0,0,0.0,0,0,0,0.0,0.0,0.0,0,0.0,0.0,0.0,0,0,0.0,0.0,0,0.0,0,0,0.0,0,0.0,0.0,0.0,0,9.21259842519685,0,0.0,0.0,0.0,0.0,0.0,0.0,0.0,0,0.0,0.0,9.21259842519685,0.0,0,0,0,0,0,0,0.0,0,0.0,0.0,0,0.0,0.0,0.0,0,0.0,0,0.0,0.0,0.0,0.0,0.0,0,0.0,0,8.976377952755906,0.0,0,0.0,0.0,0,0
2022-12-31,0,0,0.0,0,0,0.0,0,0,0,0.0,0.0,0.0,0,0.0,0.0,0.0,0,0,0.0,0.0,0,0.0,0,0,0.0,0,0.0,0.0,0.0,0,4.299212598425197,0,0.0,0.0,0.0,0.0,0.0,0.0,0.0,0,0.0,0.0,4.299212598425197,0.0,0,0,0,0,0,0,0.0,0,0.0,56.0,0,0.0,0.0,0.0,0,0.0,0,0.0,0.0,36.0,0.0,0.0,0,0.0,0,4.1889763779527565,0.0,0,0.0,0.0,0,0
