DATES,Abiemnhom,Abyei Region,Akobo,Aweil Centre,Aweil East,Aweil North,Aweil South,Aweil West,Awerial,Ayod,Baliet,Bor South,Budi,Canal-Pigi,Cueibet,Duk,Ezo,Fangak,Fashoda,Gogrial East,Gogrial West,Guit,Ibba,Ikotos,Juba,Jur River,Kajo-keji,Kapoeta East,Kapoeta North,Kapoeta South,Koch,Lafon,Lainya,Leer,Longochuk,Maban,Magwi,Maiwut,Malakal,Maridi,Mayendit,Mayom,Melut,Morobo,Mundri East,Mundri West,Mvolo,Nagero,Nyirol,Nzara,Panyijiar,Panyikang,Pariang,Pibor,Pochalla,Raja,Renk,Rubkona,Rumbek Centre,Rumbek East,Rumbek North,Tambura,Terekeka,Tonj East,Tonj North,Tonj South,Torit,Twic,Twic East,Uror,Wau,Wulu,Yambio,Yei,Yirol East,Yirol West
2007-01-01,2.85,2.91,2.99,2.98,2.9,2.91,3.97,2.94,2.55,2.6,2.42,3.55,3.12,2.12,1.98,1.98,1.89,2.6,2.42,3.25,3.25,3.32,1.64,2.95,3.88,11.53,3.88,3.12,3.12,3.12,3.32,2.95,3.88,2.6,2.64,2.64,2.95,2.64,2.12,1.64,2.6,2.85,2.41,3.88,2.55,3.88,1.98,11.53,2.99,1.89,1.98,2.12,2.76,3.46,3.46,2.91,2.38,3.32,1.98,1.98,1.98,1.89,2.55,11.53,11.53,11.53,2.95,2.91,3.55,2.99,11.53,1.98,1.64,3.88,3.55,1.98
2007-02-01,3.04,3.1,3.17,3.23,3.09,3.07,4.22,3.15,2.73,2.78,2.6,3.84,3.33,2.34,2.17,2.17,2.07,2.78,2.6,3.51,3.51,3.63,1.77,3.2,4.23,12.48,4.23,3.33,3.33,3.33,3.63,3.2,4.23,2.78,2.84,2.84,3.2,2.84,2.34,1.77,2.78,3.04,2.6,4.23,2.73,4.23,2.17,12.48,3.17,2.07,2.17,2.34,2.99,3.65,3.65,3.07,2.56,3.63,2.17,2.17,2.17,2.07,2.73,12.48,12.48,12.48,3.2,3.1,3.84,3.17,12.48,2.17,1.77,4.23,3.84,2.17
2007-03-01,3.0,3.08,3.14,3.24,3.07,3.03,4.19,3.11,2.71,2.75,2.56,3.85,3.3,2.33,2.16,2.16,2.06,2.75,2.56,3.48,3.48,3.62,1.75,3.18,4.22,12.54,4.22,3.3,3.3,3.3,3.62,3.18,4.22,2.75,2.81,2.81,3.18,2.81,2.33,1.75,2.75,3.0,2.57,4.22,2.71,4.22,2.16,12.54,3.14,2.06,2.16,2.33,2.99,3.63,3.63,3.03,2.54,3.62,2.16,2.16,2.16,2.06,2.71,12.54,12.54,12.54,3.18,3.08,3.85,3.14,12.54,2.16,1.75,4.22,3.85,2.16
2007-04-01,2.99,3.08,3.13,3.25,3.06,3.02,4.18,3.11,2.7,2.74,2.56,3.85,3.29,2.34,2.17,2.17,2.05,2.74,2.56,3.47,3.47,3.65,1.74,3.16,4.21,12.56,4.21,3.29,3.29,3.29,3.65,3.16,4.21,2.74,2.8,2.8,3.16,2.8,2.34,1.74,2.74,2.99,2.57,4.21,2.7,4.21,2.17,12.56,3.13,2.05,2.17,2.34,2.99,3.61,3.61,3.02,2.53,3.65,2.17,2.17,2.17,2.05,2.7,12.56,12.56,12.56,3.16,3.08,3.85,3.13,12.56,2.17,1.74,4.21,3.85,2.17
2007-05-01,2.98,3.08,3.13,3.25,3.05,3.02,4.18,3.1,2.7,2.73,2.55,3.85,3.28,2.34,2.16,2.16,2.05,2.73,2.55,3.47,3.47,3.63,1.74,3.15,4.2,12.55,4.2,3.28,3.28,3.28,3.63,3.15,4.2,2.73,2.79,2.79,3.15,2.79,2.34,1.74,2.73,2.98,2.56,4.2,2.7,4.2,2.16,12.55,3.13,2.05,2.16,2.34,2.96,3.61,3.61,3.02,2.52,3.63,2.16,2.16,2.16,2.05,2.7,12.55,12.55,12.55,3.15,3.08,3.85,3.13,12.55,2.16,1.74,4.2,3.85,2.16
2007-06-01,2.98,3.08,3.12,3.25,3.05,3.01,4.17,3.09,2.69,2.72,2.54,3.85,3.28,2.34,2.17,2.17,2.05,2.72,2.54,3.46,3.46,3.63,1.73,3.14,4.19,12.55,4.19,3.28,3.28,3.28,3.63,3.14,4.19,2.72,2.78,2.78,3.14,2.78,2.34,1.73,2.72,2.98,2.55,4.19,2.69,4.19,2.17,12.55,3.12,2.05,2.17,2.34,2.93,3.6,3.6,3.01,2.52,3.63,2.17,2.17,2.17,2.05,2.69,12.55,12.55,12.55,3.14,3.08,3.85,3.12,12.55,2.17,1.73,4.19,3.85,2.17
2007-07-01,2.97,3.08,3.11,3.25,3.04,3.01,4.16,3.08,2.68,2.71,2.54,3.85,3.27,2.34,2.16,2.16,2.05,2.71,2.54,3.46,3.46,3.61,1.73,3.13,4.18,12.55,4.18,3.27,3.27,3.27,3.61,3.13,4.18,2.71,2.77,2.77,3.13,2.77,2.34,1.73,2.71,2.97,2.54,4.18,2.68,4.18,2.16,12.55,3.11,2.05,2.16,2.34,2.93,3.59,3.59,3.01,2.51,3.61,2.16,2.16,2.16,2.05,2.68,12.55,12.55,12.55,3.13,3.08,3.85,3.11,12.55,2.16,1.73,4.18,3.85,2.16
2007-08-01,2.97,3.08,3.11,3.25,3.04,3.01,4.16,3.08,2.68,2.71,2.53,3.85,3.26,2.34,2.17,2.17,2.05,2.71,2.53,3.46,3.46,3.6,1.72,3.12,4.18,12.55,4.18,3.26,3.26,3.26,3.6,3.12,4.18,2.71,2.76,2.76,3.12,2.76,2.34,1.72,2.71,2.97,2.54,4.18,2.68,4.18,2.17,12.55,3.11,2.05,2.17,2.34,2.93,3.59,3.59,3.01,2.5,3.6,2.17,2.17,2.17,2.05,2.68,12.55,12.55,12.55,3.12,3.08,3.85,3.11,12.55,2.17,1.72,4.18,3.85,2.17
2007-09-01,3.3,3.4,3.46,3.5,3.36,3.43,4.66,3.41,2.75,2.99,2.78,3.92,3.45,2.45,2.15,2.15,2.06,2.99,2.78,3.82,3.82,3.9,1.71,3.25,4.28,13.36,4.28,3.45,3.45,3.45,3.9,3.25,4.28,2.99,3.17,3.17,3.25,3.17,2.45,1.71,2.99,3.3,2.8,4.28,2.75,4.28,2.15,13.36,3.46,2.06,2.15,2.45,3.15,3.76,3.76,3.43,2.8,3.9,2.15,2.15,2.15,2.06,2.75,13.36,13.36,13.36,3.25,3.4,3.92,3.46,13.36,2.15,1.71,4.28,3.92,2.15
2007-10-01,3.78,3.88,3.85,3.84,3.75,3.73,5.21,3.71,2.77,3.21,3.08,4.01,3.49,2.65,2.16,2.16,2.06,3.21,3.08,4.4,4.4,4.47,1.71,3.28,4.34,13.84,4.34,3.49,3.49,3.49,4.47,3.28,4.34,3.21,3.65,3.65,3.28,3.65,2.65,1.71,3.21,3.78,3.1,4.34,2.77,4.34,2.16,13.84,3.85,2.06,2.16,2.65,3.54,3.9,3.9,3.73,3.17,4.47,2.16,2.16,2.16,2.06,2.77,13.84,13.84,13.84,3.28,3.88,4.01,3.85,13.84,2.16,1.71,4.34,4.01,2.16
2007-11-01,3.65,3.71,3.72,3.87,3.67,3.52,5.05,3.61,2.76,3.15,2.94,4.01,3.47,2.63,2.16,2.16,2.06,3.15,2.94,4.32,4.32,4.43,1.7,3.28,4.33,13.9,4.33,3.47,3.47,3.47,4.43,3.28,4.33,3.15,3.51,3.51,3.28,3.51,2.63,1.7,3.15,3.65,2.97,4.33,2.76,4.33,2.16,13.9,3.72,2.06,2.16,2.63,3.59,3.85,3.85,3.52,3.04,4.43,2.16,2.16,2.16,2.06,2.76,13.9,13.9,13.9,3.28,3.71,4.01,3.72,13.9,2.16,1.7,4.33,4.01,2.16
2007-12-01,3.64,3.71,3.74,3.88,3.67,3.5,5.05,3.6,2.76,3.14,2.97,4.01,3.47,2.63,2.16,2.16,2.06,3.14,2.97,4.29,4.29,4.54,1.7,3.27,4.33,13.91,4.33,3.47,3.47,3.47,4.54,3.27,4.33,3.14,3.52,3.52,3.27,3.52,2.63,1.7,3.14,3.64,3.0,4.33,2.76,4.33,2.16,13.91,3.74,2.06,2.16,2.63,3.65,3.85,3.85,3.5,3.07,4.54,2.16,2.16,2.16,2.06,2.76,13.91,13.91,13.91,3.27,3.71,4.01,3.74,13.91,2.16,1.7,4.33,4.01,2.16
2008-01-01,3.62,3.71,3.72,3.88,3.66,3.49,5.04,3.59,2.75,3.12,2.95,4.01,3.46,2.63,2.16,2.16,2.06,3.12,2.95,4.27,4.27,4.52,1.7,3.26,4.32,13.91,4.32,3.46,3.46,3.46,4.52,3.26,4.32,3.12,3.49,3.49,3.26,3.49,2.63,1.7,3.12,3.62,2.97,4.32,2.75,4.32,2.16,13.91,3.72,2.06,2.16,2.63,3.59,3.84,3.84,3.49,3.05,4.52,2.16,2.16,2.16,2.06,2.75,13.91,13.91,13.91,3.26,3.71,4.01,3.72,13.91,2.16,1.7,4.32,4.01,2.16
2008-02-01,4.0,4.2,4.09,4.19,4.06,3.99,5.42,3.99,3.0,3.44,3.35,4.22,3.74,2.84,2.18,2.18,2.08,3.44,3.35,4.72,4.72,4.98,1.7,3.43,4.59,14.97,4.59,3.74,3.74,3.74,4.98,3.43,4.59,3.44,3.99,3.99,3.43,3.99,2.84,1.7,3.44,4.0,3.41,4.59,3.0,4.59,2.18,14.97,4.09,2.08,2.18,2.84,3.83,4.17,4.17,3.99,3.52,4.98,2.18,2.18,2.18,2.08,3.0,14.97,14.97,14.97,3.43,4.2,4.22,4.09,14.97,2.18,1.7,4.59,4.22,2.18
2008-03-01,4.1,4.3,4.23,4.32,4.16,4.01,5.33,4.07,3.1,3.57,3.42,4.41,3.85,2.97,2.26,2.26,2.1,3.57,3.42,4.9,4.9,5.1,1.72,3.5,4.71,15.11,4.71,3.85,3.85,3.85,5.1,3.5,4.71,3.57,4.1,4.1,3.5,4.1,2.97,1.72,3.57,4.1,3.47,4.71,3.1,4.71,2.26,15.11,4.23,2.1,2.26,2.97,4.01,4.34,4.34,4.01,3.59,5.1,2.26,2.26,2.26,2.1,3.1,15.11,15.11,15.11,3.5,4.3,4.41,4.23,15.11,2.26,1.72,4.71,4.41,2.26
2008-04-01,4.2,4.4,4.28,4.44,4.27,4.09,5.52,4.17,3.14,3.63,3.48,4.49,3.87,3.03,2.3,2.3,2.1,3.63,3.48,5.01,5.01,5.28,1.72,3.49,4.77,15.51,4.77,3.87,3.87,3.87,5.28,3.49,4.77,3.63,4.15,4.15,3.49,4.15,3.03,1.72,3.63,4.2,3.53,4.77,3.14,4.77,2.3,15.51,4.28,2.1,2.3,3.03,4.23,4.38,4.38,4.09,3.65,5.28,2.3,2.3,2.3,2.1,3.14,15.51,15.51,15.51,3.49,4.4,4.49,4.28,15.51,2.3,1.72,4.77,4.49,2.3
2008-05-01,4.15,4.35,4.25,4.45,4.23,4.0,5.47,4.12,3.13,3.59,3.43,4.51,3.87,3.02,2.3,2.3,2.1,3.59,3.43,4.98,4.98,5.28,1.72,3.49,4.78,15.55,4.78,3.87,3.87,3.87,5.28,3.49,4.78,3.59,4.11,4.11,3.49,4.11,3.02,1.72,3.59,4.15,3.49,4.78,3.13,4.78,2.3,15.55,4.25,2.1,2.3,3.02,4.24,4.35,4.35,4.0,3.62,5.28,2.3,2.3,2.3,2.1,3.13,15.55,15.55,15.55,3.49,4.35,4.51,4.25,15.55,2.3,1.72,4.78,4.51,2.3
2008-06-01,4.35,4.56,4.42,4.59,4.4,4.23,5.69,4.31,3.2,3.77,3.65,4.57,4.0,3.15,2.38,2.38,2.16,3.77,3.65,5.15,5.15,5.47,1.78,3.56,4.86,15.55,4.86,4.0,4.0,4.0,5.47,3.56,4.86,3.77,4.32,4.32,3.56,4.32,3.15,1.78,3.77,4.35,3.71,4.86,3.2,4.86,2.38,15.55,4.42,2.16,2.38,3.15,4.28,4.48,4.48,4.23,3.84,5.47,2.38,2.38,2.38,2.16,3.2,15.55,15.55,15.55,3.56,4.56,4.57,4.42,15.55,2.38,1.78,4.86,4.57,2.38
2008-07-01,4.29,4.51,4.36,4.62,4.38,4.16,5.63,4.28,3.18,3.72,3.55,4.59,3.96,3.14,2.37,2.37,2.15,3.72,3.55,5.13,5.13,5.43,1.77,3.55,4.86,15.54,4.86,3.96,3.96,3.96,5.43,3.55,4.86,3.72,4.25,4.25,3.55,4.25,3.14,1.77,3.72,4.29,3.61,4.86,3.18,4.86,2.37,15.54,4.36,2.15,2.37,3.14,4.22,4.43,4.43,4.16,3.76,5.43,2.37,2.37,2.37,2.15,3.18,15.54,15.54,15.54,3.55,4.51,4.59,4.36,15.54,2.37,1.77,4.86,4.59,2.37
2008-08-01,4.56,4.81,4.52,4.82,4.64,4.57,5.96,4.6,3.22,3.88,3.85,4.59,3.99,3.35,2.41,2.41,2.16,3.88,3.85,5.35,5.35,5.65,1.78,3.57,4.86,15.6,4.86,3.99,3.99,3.99,5.65,3.57,4.86,3.88,4.3,4.3,3.57,4.3,3.35,1.78,3.88,4.56,3.9,4.86,3.22,4.86,2.41,15.6,4.52,2.16,2.41,3.35,4.49,4.48,4.48,4.57,3.95,5.65,2.41,2.41,2.41,2.16,3.22,15.6,15.6,15.6,3.57,4.81,4.59,4.52,15.6,2.41,1.78,4.86,4.59,2.41
2008-09-01,5.4,5.63,5.69,5.4,5.46,5.53,6.82,5.4,3.94,4.84,4.98,5.09,5.08,4.11,2.85,2.85,2.56,4.84,4.98,6.15,6.15,6.43,2.21,4.25,5.2,15.55,5.2,5.08,5.08,5.08,6.43,4.25,5.2,4.84,5.31,5.31,4.25,5.31,4.11,2.21,4.84,5.4,4.99,5.2,3.94,5.2,2.85,15.55,5.69,2.56,2.85,4.11,5.25,5.75,5.75,5.53,4.92,6.43,2.85,2.85,2.85,2.56,3.94,15.55,15.55,15.55,4.25,5.63,5.09,5.69,15.55,2.85,2.21,5.2,5.09,2.85
2008-10-01,5.4,5.58,5.6,5.57,5.54,5.5,6.76,5.51,3.99,5.09,4.81,5.23,4.86,4.31,2.98,2.98,2.6,5.09,4.81,6.18,6.18,6.36,2.23,4.27,5.26,15.39,5.26,4.86,4.86,4.86,6.36,4.27,5.26,5.09,5.15,5.15,4.27,5.15,4.31,2.23,5.09,5.4,4.82,5.26,3.99,5.26,2.98,15.39,5.6,2.6,2.98,4.31,5.38,5.52,5.52,5.5,4.76,6.36,2.98,2.98,2.98,2.6,3.99,15.39,15.39,15.39,4.27,5.58,5.23,5.6,15.39,2.98,2.23,5.26,5.23,2.98
2008-11-01,5.34,5.52,5.59,5.6,5.49,5.26,6.72,5.41,3.96,4.97,4.81,5.21,4.88,4.3,2.99,2.99,2.58,4.97,4.81,6.13,6.13,6.5,2.21,4.26,5.25,15.36,5.25,4.88,4.88,4.88,6.5,4.26,5.25,4.97,5.14,5.14,4.26,5.14,4.3,2.21,4.97,5.34,4.84,5.25,3.96,5.25,2.99,15.36,5.59,2.58,2.99,4.3,5.39,5.52,5.52,5.26,4.78,6.5,2.99,2.99,2.99,2.58,3.96,15.36,15.36,15.36,4.26,5.52,5.21,5.59,15.36,2.99,2.21,5.25,5.21,2.99
2008-12-01,5.3,5.52,5.56,5.61,5.47,5.24,6.7,5.39,3.95,4.92,4.75,5.23,4.86,4.3,2.98,2.98,2.57,4.92,4.75,6.11,6.11,6.48,2.2,4.24,5.24,15.36,5.24,4.86,4.86,4.86,6.48,4.24,5.24,4.92,5.11,5.11,4.24,5.11,4.3,2.2,4.92,5.3,4.79,5.24,3.95,5.24,2.98,15.36,5.56,2.57,2.98,4.3,5.37,5.47,5.47,5.24,4.75,6.48,2.98,2.98,2.98,2.57,3.95,15.36,15.36,15.36,4.24,5.52,5.23,5.56,15.36,2.98,2.2,5.24,5.23,2.98
2009-01-01,5.27,5.51,5.54,5.61,5.45,5.22,6.69,5.37,3.94,4.88,4.73,5.21,4.84,4.3,2.99,2.99,2.63,4.88,4.73,6.1,6.1,6.49,2.3,4.23,5.24,15.26,5.24,4.84,4.84,4.84,6.49,4.23,5.24,4.88,5.09,5.09,4.23,5.09,4.3,2.3,4.88,5.27,4.78,5.24,3.94,5.24,2.99,15.26,5.54,2.63,2.99,4.3,5.31,5.45,5.45,5.22,4.74,6.49,2.99,2.99,2.99,2.63,3.94,15.26,15.26,15.26,4.23,5.51,5.21,5.54,15.26,2.99,2.3,5.24,5.21,2.99
2009-02-01,7.85,7.49,8.37,6.97,7.56,8.29,8.19,7.75,4.71,6.91,6.08,7.87,7.57,5.4,4.81,4.81,3.49,6.91,6.08,8.34,8.34,8.69,3.89,7.24,8.35,12.91,8.35,7.57,7.57,7.57,8.69,7.24,8.35,6.91,6.98,6.98,7.24,6.98,5.4,3.89,6.91,7.85,6.33,8.35,4.71,8.35,4.81,12.91,8.37,3.49,4.81,5.4,7.02,8.73,8.73,8.29,6.62,8.69,4.81,4.81,4.81,3.49,4.71,12.91,12.91,12.91,7.24,7.49,7.87,8.37,12.91,4.81,3.89,8.35,7.87,4.81
2009-03-01,7.3,6.9,7.62,7.08,7.14,6.94,7.81,7.1,4.53,6.41,5.44,8.19,6.93,5.26,4.51,4.51,3.4,6.41,5.44,8.11,8.11,8.34,3.63,7.16,8.35,12.73,8.35,6.93,6.93,6.93,8.34,7.16,8.35,6.41,6.45,6.45,7.16,6.45,5.26,3.63,6.41,7.3,5.63,8.35,4.53,8.35,4.51,12.73,7.62,3.4,4.51,5.26,7.17,7.79,7.79,6.94,5.96,8.34,4.51,4.51,4.51,3.4,4.53,12.73,12.73,12.73,7.16,6.9,8.19,7.62,12.73,4.51,3.63,8.35,8.19,4.51
2009-04-01,7.29,6.88,7.76,7.12,7.15,6.86,7.8,7.06,4.54,6.36,5.61,7.94,7.01,6.81,4.67,4.67,3.37,6.36,5.61,7.99,7.99,8.82,3.61,7.08,8.32,12.68,8.32,7.01,7.01,7.01,8.82,7.08,8.32,6.36,6.49,6.49,7.08,6.49,6.81,3.61,6.36,7.29,5.83,8.32,4.54,8.32,4.67,12.68,7.76,3.37,4.67,6.81,7.49,7.94,7.94,6.86,6.11,8.82,4.67,4.67,4.67,3.37,4.54,12.68,12.68,12.68,7.08,6.88,7.94,7.76,12.68,4.67,3.61,8.32,7.94,4.67
2009-05-01,7.21,6.91,7.67,7.54,7.11,6.82,6.42,7.03,4.52,6.28,5.5,8.16,6.95,6.09,4.58,4.58,3.36,6.28,5.5,7.94,7.94,8.75,3.57,7.02,8.3,12.68,8.3,6.95,6.95,6.95,8.75,7.02,8.3,6.28,6.43,6.43,7.02,6.43,6.09,3.57,6.28,7.21,5.72,8.3,4.52,8.3,4.58,12.68,7.67,3.36,4.58,6.09,7.35,7.81,7.81,6.82,6.03,8.75,4.58,4.58,4.58,3.36,4.52,12.68,12.68,12.68,7.02,6.91,8.16,7.67,12.68,4.58,3.57,8.3,8.16,4.58
2009-06-01,7.17,6.9,7.64,7.33,7.07,6.8,6.66,7.0,4.51,6.23,5.51,10.1,6.92,6.29,4.63,4.63,3.35,6.23,5.51,7.92,7.92,8.81,3.54,6.97,4.45,8.69,4.45,6.92,6.92,6.92,8.81,6.97,4.45,6.23,6.4,6.4,6.97,6.4,6.29,3.54,6.23,7.17,5.73,4.45,4.51,4.45,4.63,8.69,7.64,3.35,4.63,6.29,6.97,7.77,7.77,6.8,6.02,8.81,4.63,4.63,4.63,3.35,4.51,8.69,8.69,8.69,6.97,6.9,10.1,7.64,8.69,4.63,3.54,4.45,10.1,4.63
2009-07-01,7.14,6.9,7.61,7.81,7.05,6.79,6.66,6.98,4.5,6.19,5.48,10.11,6.89,6.27,4.6,4.6,3.35,6.19,5.48,7.92,7.92,8.76,3.52,6.93,6.65,7.23,6.65,6.89,6.89,6.89,8.76,6.93,6.65,6.19,6.37,6.37,6.93,6.37,6.27,3.52,6.19,7.14,5.69,6.65,4.5,6.65,4.6,7.23,7.61,3.35,4.6,6.27,6.9,7.73,7.73,6.79,6.0,8.76,4.6,4.6,4.6,3.35,4.5,7.23,7.23,7.23,6.93,6.9,10.11,7.61,7.23,4.6,3.52,6.65,10.11,4.6
2009-08-01,7.65,7.36,7.91,7.59,7.4,7.45,6.91,7.44,4.28,6.46,5.28,8.21,7.78,5.71,4.76,4.76,3.47,6.46,5.28,8.18,8.18,9.21,3.81,7.71,11.42,8.2,11.42,7.78,7.78,7.78,9.21,7.71,11.42,6.46,6.63,6.63,7.71,6.63,5.71,3.81,6.46,7.65,5.67,11.42,4.28,11.42,4.76,8.2,7.91,3.47,4.76,5.71,7.56,8.28,8.28,7.45,6.39,9.21,4.76,4.76,4.76,3.47,4.28,8.2,8.2,8.2,7.71,7.36,8.21,7.91,8.2,4.76,3.81,11.42,8.21,4.76
2009-09-01,8.46,8.06,8.65,8.39,8.05,8.32,7.42,8.18,4.56,6.58,5.15,11.69,8.98,5.06,4.97,4.97,3.66,6.58,5.15,8.75,8.75,9.94,4.32,9.22,12.5,10.97,12.5,8.98,8.98,8.98,9.94,9.22,12.5,6.58,6.95,6.95,9.22,6.95,5.06,4.32,6.58,8.46,5.61,12.5,4.56,12.5,4.97,10.97,8.65,3.66,4.97,5.06,8.48,9.36,9.36,8.32,6.75,9.94,4.97,4.97,4.97,3.66,4.56,10.97,10.97,10.97,9.22,8.06,11.69,8.65,10.97,4.97,4.32,12.5,11.69,4.97
2009-10-01,8.22,7.82,8.4,8.44,7.9,7.81,7.29,7.94,4.5,6.52,5.2,11.87,8.64,4.81,4.96,4.96,3.64,6.52,5.2,8.68,8.68,9.88,4.21,9.13,12.86,7.32,12.86,8.64,8.64,8.64,9.88,9.13,12.86,6.52,6.85,6.85,9.13,6.85,4.81,4.21,6.52,8.22,5.61,12.86,4.5,12.86,4.96,7.32,8.4,3.64,4.96,4.81,8.33,8.95,8.95,7.81,6.61,9.88,4.96,4.96,4.96,3.64,4.5,7.32,7.32,7.32,9.13,7.82,11.87,8.4,7.32,4.96,4.21,12.86,11.87,4.96
2009-11-01,8.2,7.82,8.42,8.46,7.89,7.78,7.29,7.92,4.5,6.5,5.18,9.9,8.66,4.14,4.13,4.13,3.63,6.5,5.18,8.65,8.65,9.99,4.19,9.06,12.8,8.24,12.8,8.66,8.66,8.66,9.99,9.06,12.8,6.5,6.84,6.84,9.06,6.84,4.14,4.19,6.5,8.2,5.6,12.8,4.5,12.8,4.13,8.24,8.42,3.63,4.13,4.14,8.25,8.99,8.99,7.78,6.62,9.99,4.13,4.13,4.13,3.63,4.5,8.24,8.24,8.24,9.06,7.82,9.9,8.42,8.24,4.13,4.19,12.8,9.9,4.13
2009-12-01,8.16,7.82,8.38,8.46,7.86,7.76,7.28,7.9,4.49,6.48,5.19,9.37,8.6,5.79,4.2,4.2,3.63,6.48,5.19,8.64,8.64,9.95,4.16,9.0,12.73,8.43,12.73,8.6,8.6,8.6,9.95,9.0,12.73,6.48,6.81,6.81,9.0,6.81,5.79,4.16,6.48,8.16,5.6,12.73,4.49,12.73,4.2,8.43,8.38,3.63,4.2,5.79,8.27,8.92,8.92,7.76,6.6,9.95,4.2,4.2,4.2,3.63,4.49,8.43,8.43,8.43,9.0,7.82,9.37,8.38,8.43,4.2,4.16,12.73,9.37,4.2
2010-01-01,8.13,7.82,8.36,8.47,7.84,7.75,7.27,7.88,4.49,6.46,5.19,9.6,8.57,8.68,4.72,4.72,3.63,6.46,5.19,8.63,8.63,9.95,4.14,8.95,11.56,6.48,11.56,8.57,8.57,8.57,9.95,8.95,11.56,6.46,6.8,6.8,8.95,6.8,8.68,4.14,6.46,8.13,5.59,11.56,4.49,11.56,4.72,6.48,8.36,3.63,4.72,8.68,8.28,8.89,8.89,7.75,6.58,9.95,4.72,4.72,4.72,3.63,4.49,6.48,6.48,6.48,8.95,7.82,9.6,8.36,6.48,4.72,4.14,11.56,9.6,4.72
2010-02-01,8.12,7.82,8.34,8.47,7.82,7.75,7.27,7.86,4.48,6.45,5.19,10.38,8.55,6.12,4.13,4.13,3.63,6.45,5.19,8.63,8.63,9.91,4.13,8.91,10.41,8.68,10.41,8.55,8.55,8.55,9.91,8.91,10.41,6.45,6.78,6.78,8.91,6.78,6.12,4.13,6.45,8.12,5.58,10.41,4.48,10.41,4.13,8.68,8.34,3.63,4.13,6.12,8.2,8.86,8.86,7.75,6.57,9.91,4.13,4.13,4.13,3.63,4.48,8.68,8.68,8.68,8.91,7.82,10.38,8.34,8.68,4.13,4.13,10.41,10.38,4.13
2010-03-01,8.1,7.82,8.32,10.27,7.81,7.75,7.26,7.84,4.48,6.45,5.19,10.42,8.52,5.44,4.2,4.2,3.63,6.45,5.19,8.63,8.63,9.89,4.11,8.87,10.39,9.32,10.39,8.52,8.52,8.52,9.89,8.87,10.39,6.45,6.77,6.77,8.87,6.77,5.44,4.11,6.45,8.1,5.58,10.39,4.48,10.39,4.2,9.32,8.32,3.63,4.2,5.44,8.12,8.85,8.85,7.75,6.55,9.89,4.2,4.2,4.2,3.63,4.48,9.32,9.32,9.32,8.87,7.82,10.42,8.32,9.32,4.2,4.11,10.39,10.42,4.2
2010-04-01,8.09,7.82,8.31,10.38,7.79,7.74,7.25,7.83,4.47,6.44,5.19,10.8,8.5,4.65,4.38,4.38,3.63,6.44,5.19,8.63,8.63,9.86,4.1,8.85,10.36,8.77,10.36,8.5,8.5,8.5,9.86,8.85,10.36,6.44,6.76,6.76,8.85,6.76,4.65,4.1,6.44,8.09,5.58,10.36,4.47,10.36,4.38,8.77,8.31,3.63,4.38,4.65,8.12,8.83,8.83,7.74,6.54,9.86,4.38,4.38,4.38,3.63,4.47,8.77,8.77,8.77,8.85,7.82,10.8,8.31,8.77,4.38,4.1,10.36,10.8,4.38
2010-05-01,8.09,7.82,8.3,8.48,7.78,7.74,7.25,7.82,4.47,6.44,5.19,10.45,8.49,5.28,4.48,4.48,3.63,6.44,5.19,8.63,8.63,9.83,4.09,8.82,10.34,8.42,10.34,8.49,8.49,8.49,9.83,8.82,10.34,6.44,6.75,6.75,8.82,6.75,5.28,4.09,6.44,8.09,5.57,10.34,4.47,10.34,4.48,8.42,8.3,3.63,4.48,5.28,8.15,8.82,8.82,7.74,6.53,9.83,4.48,4.48,4.48,3.63,4.47,8.42,8.42,8.42,8.82,7.82,10.45,8.3,8.42,4.48,4.09,10.34,10.45,4.48
2010-06-01,8.08,7.82,8.29,8.42,7.77,7.74,7.25,7.81,4.47,6.44,5.19,10.36,8.47,6.37,4.73,4.73,3.63,6.44,5.19,8.63,8.63,9.81,4.09,8.8,10.32,8.59,10.32,8.47,8.47,8.47,9.81,8.8,10.32,6.44,6.75,6.75,8.8,6.75,6.37,4.09,6.44,8.08,5.57,10.32,4.47,10.32,4.73,8.59,8.29,3.63,4.73,6.37,8.12,8.82,8.82,7.74,6.52,9.81,4.73,4.73,4.73,3.63,4.47,8.59,8.59,8.59,8.8,7.82,10.36,8.29,8.59,4.73,4.09,10.32,10.36,4.73
2010-07-01,8.08,7.82,8.28,8.39,7.76,7.74,7.24,7.8,4.46,6.44,5.19,10.44,8.46,5.7,4.77,4.77,3.63,6.44,5.19,8.63,8.63,9.79,4.08,8.79,10.3,8.86,10.3,8.46,8.46,8.46,9.79,8.79,10.3,6.44,6.74,6.74,8.79,6.74,5.7,4.08,6.44,8.08,5.57,10.3,4.46,10.3,4.77,8.86,8.28,3.63,4.77,5.7,8.07,8.81,8.81,7.74,6.51,9.79,4.77,4.77,4.77,3.63,4.46,8.86,8.86,8.86,8.79,7.82,10.44,8.28,8.86,4.77,4.08,10.3,10.44,4.77
2010-08-01,8.08,7.82,8.27,8.38,7.76,7.74,7.24,7.79,4.46,6.44,5.19,11.03,8.45,5.48,5.26,5.26,3.63,6.44,5.19,8.63,8.63,7.94,4.08,8.78,10.29,8.97,10.29,8.45,8.45,8.45,7.94,8.78,10.29,6.44,6.74,6.74,8.78,6.74,5.48,4.08,6.44,8.08,5.57,10.29,4.46,10.29,5.26,8.97,8.27,3.63,5.26,5.48,8.05,8.81,8.81,7.74,6.5,7.94,5.26,5.26,5.26,3.63,4.46,8.97,8.97,8.97,8.78,7.82,11.03,8.27,8.97,5.26,4.08,10.29,11.03,5.26
2010-09-01,8.08,7.82,8.27,8.38,7.75,7.74,7.23,7.79,4.46,6.44,5.19,10.49,8.44,5.21,5.48,5.48,3.63,6.44,5.19,8.63,8.63,7.24,4.07,8.77,10.27,9.73,10.27,8.44,8.44,8.44,7.24,8.77,10.27,6.44,6.73,6.73,8.77,6.73,5.21,4.07,6.44,8.08,5.57,10.27,4.46,10.27,5.48,9.73,8.27,3.63,5.48,5.21,8.07,8.81,8.81,7.74,6.5,7.24,5.48,5.48,5.48,3.63,4.46,9.73,9.73,9.73,8.77,7.82,10.49,8.27,9.73,5.48,4.07,10.27,10.49,5.48
2010-10-01,8.08,7.82,8.26,8.38,7.74,7.74,7.23,7.78,4.46,6.44,5.19,12.34,8.43,5.23,6.33,6.33,3.63,6.44,5.19,8.63,8.63,9.81,4.07,8.76,11.36,11.24,11.36,8.43,8.43,8.43,9.81,8.76,11.36,6.44,6.73,6.73,8.76,6.73,5.23,4.07,6.44,8.08,5.57,11.36,4.46,11.36,6.33,11.24,8.26,3.63,6.33,5.23,8.07,8.81,8.81,7.74,6.49,9.81,6.33,6.33,6.33,3.63,4.46,11.24,11.24,11.24,8.76,7.82,12.34,8.26,11.24,6.33,4.07,11.36,12.34,6.33
2010-11-01,8.08,7.82,8.26,8.62,7.74,7.74,7.23,7.78,4.46,6.44,5.19,10.64,8.43,5.73,5.67,5.67,3.63,6.44,5.19,8.63,8.63,9.16,4.07,8.75,10.79,10.6,10.79,8.43,8.43,8.43,9.16,8.75,10.79,6.44,6.73,6.73,8.75,6.73,5.73,4.07,6.44,8.08,5.57,10.79,4.46,10.79,5.67,10.6,8.26,3.63,5.67,5.73,8.04,8.8,8.8,7.74,6.48,9.16,5.67,5.67,5.67,3.63,4.46,10.6,10.6,10.6,8.75,7.82,10.64,8.26,10.6,5.67,4.07,10.79,10.64,5.67
2010-12-01,8.08,7.82,8.25,8.39,7.74,7.74,7.22,7.77,4.45,6.44,5.19,10.2,8.42,5.19,5.22,5.22,3.63,6.44,5.19,8.63,8.63,9.77,4.07,8.74,8.61,12.06,8.61,8.42,8.42,8.42,9.77,8.74,8.61,6.44,6.73,6.73,8.74,6.73,5.19,4.07,6.44,8.08,5.57,8.61,4.45,8.61,5.22,12.06,8.25,3.63,5.22,5.19,8.01,8.8,8.8,7.74,6.48,9.77,5.22,5.22,5.22,3.63,4.45,12.06,12.06,12.06,8.74,7.82,10.2,8.25,12.06,5.22,4.07,8.61,10.2,5.22
2011-01-01,8.08,7.82,8.25,8.19,7.73,7.74,7.22,7.77,4.45,6.44,5.19,10.58,8.42,6.97,5.59,5.59,3.63,6.44,5.19,8.63,8.63,9.67,4.06,8.74,9.59,8.65,9.59,8.42,8.42,8.42,9.67,8.74,9.59,6.44,6.73,6.73,8.74,6.73,6.97,4.06,6.44,8.08,5.57,9.59,4.45,9.59,5.59,8.65,8.25,3.63,5.59,6.97,8.02,8.8,8.8,7.74,6.47,9.67,5.59,5.59,5.59,3.63,4.45,8.65,8.65,8.65,8.74,7.82,10.58,8.25,8.65,5.59,4.06,9.59,10.58,5.59
2011-02-01,8.08,7.82,8.25,10.08,7.73,7.74,7.22,7.77,4.45,6.44,5.19,10.25,8.41,8.5,5.18,5.18,3.63,6.44,5.19,8.63,8.63,8.12,4.06,8.74,11.71,8.41,11.71,8.41,8.41,8.41,8.12,8.74,11.71,6.44,6.72,6.72,8.74,6.72,8.5,4.06,6.44,8.08,5.57,11.71,4.45,11.71,5.18,8.41,8.25,3.63,5.18,8.5,8.04,8.8,8.8,7.74,6.47,8.12,5.18,5.18,5.18,3.63,4.45,8.41,8.41,8.41,8.74,7.82,10.25,8.25,8.41,5.18,4.06,11.71,10.25,5.18
2011-03-01,8.08,7.82,8.25,9.77,7.73,7.74,7.22,7.77,4.45,6.44,5.19,10.54,8.41,6.68,4.89,4.89,3.63,6.44,5.19,8.63,8.63,8.01,4.06,8.73,12.31,9.27,12.31,8.41,8.41,8.41,8.01,8.73,12.31,6.44,6.72,6.72,8.73,6.72,6.68,4.06,6.44,8.08,5.56,12.31,4.45,12.31,4.89,9.27,8.25,3.63,4.89,6.68,8.02,8.81,8.81,7.74,6.47,8.01,4.89,4.89,4.89,3.63,4.45,9.27,9.27,9.27,8.73,7.82,10.54,8.25,9.27,4.89,4.06,12.31,10.54,4.89
2011-04-01,8.08,7.82,8.24,10.39,7.73,7.74,7.22,7.76,4.45,6.44,5.19,10.29,8.41,7.09,5.31,5.31,3.63,6.44,5.19,8.63,8.63,8.07,4.06,8.73,11.85,11.19,11.85,8.41,8.41,8.41,8.07,8.73,11.85,6.44,6.72,6.72,8.73,6.72,7.09,4.06,6.44,8.08,5.56,11.85,4.45,11.85,5.31,11.19,8.24,3.63,5.31,7.09,8.0,8.81,8.81,7.74,6.46,8.07,5.31,5.31,5.31,3.63,4.45,11.19,11.19,11.19,8.73,7.82,10.29,8.24,11.19,5.31,4.06,11.85,10.29,5.31
2011-05-01,8.08,7.82,8.25,7.23,7.72,7.74,7.21,7.76,4.47,6.45,5.21,10.5,8.42,5.93,5.2,5.2,3.63,6.45,5.21,8.63,8.63,8.01,4.06,8.73,11.28,8.59,11.28,8.42,8.42,8.42,8.01,8.73,11.28,6.45,6.73,6.73,8.73,6.73,5.93,4.06,6.45,8.08,5.58,11.28,4.47,11.28,5.2,8.59,8.25,3.63,5.2,5.93,8.0,8.81,8.81,7.74,6.47,8.01,5.2,5.2,5.2,3.63,4.47,8.59,8.59,8.59,8.73,7.82,10.5,8.25,8.59,5.2,4.06,11.28,10.5,5.2
2011-06-01,8.08,7.82,8.26,9.26,7.72,7.74,7.21,7.76,4.48,6.46,5.22,10.31,8.43,5.18,5.23,5.23,3.63,6.46,5.22,10.61,10.61,8.01,4.06,8.73,11.81,10.21,11.81,8.43,8.43,8.43,8.01,8.73,11.81,6.46,6.74,6.74,8.73,6.74,5.18,4.06,6.46,8.08,5.59,11.81,4.48,11.81,5.23,10.21,8.26,3.63,5.23,5.18,8.01,8.82,8.82,7.74,6.47,8.01,5.23,5.23,5.23,3.63,4.48,10.21,10.21,10.21,8.73,7.82,10.31,8.26,10.21,5.23,4.06,11.81,10.31,5.23
2011-07-01,9.53,9.36,9.52,10.3,8.69,9.26,8.29,8.92,7.14,8.39,7.9,10.48,9.75,5.23,7.6,7.6,3.63,8.39,7.9,11.71,11.71,10.53,4.06,8.93,15.56,10.39,15.56,9.75,9.75,9.75,10.53,8.93,15.56,8.39,8.21,8.21,8.93,8.21,5.23,4.06,8.39,9.53,8.0,15.56,7.14,15.56,7.6,10.39,9.52,3.63,7.6,5.23,8.88,10.09,10.09,9.26,8.23,10.53,7.6,7.6,7.6,3.63,7.14,10.39,10.39,10.39,8.93,9.36,10.48,9.52,10.39,7.6,4.06,15.56,10.48,7.6
2011-08-01,13.06,13.18,12.66,10.4,11.37,13.52,11.75,12.26,9.6,12.51,11.6,11.31,14.14,5.23,10.58,10.58,6.07,12.51,11.6,12.72,12.72,12.0,6.99,10.1,17.32,14.4,17.32,14.14,14.14,14.14,12.0,10.1,17.32,12.51,11.31,11.31,10.1,11.31,5.23,6.99,12.51,13.06,11.71,17.32,9.6,17.32,10.58,14.4,12.66,6.07,10.58,5.23,11.26,13.42,13.42,13.52,11.24,12.0,10.58,10.58,10.58,6.07,9.6,14.4,14.4,14.4,10.1,13.18,11.31,12.66,14.4,10.58,6.99,17.32,11.31,10.58
2011-09-01,11.29,11.24,11.1,10.92,10.1,10.16,10.22,10.39,14.09,10.99,9.53,12.55,11.89,5.8,10.36,10.36,4.83,10.99,9.53,13.07,13.07,11.87,5.35,12.31,20.8,14.77,20.8,11.89,11.89,11.89,11.87,12.31,20.8,10.99,10.01,10.01,12.31,10.01,5.8,5.35,10.99,11.29,9.59,20.8,14.09,20.8,10.36,14.77,11.1,4.83,10.36,5.8,11.04,11.61,11.61,10.16,9.72,11.87,10.36,10.36,10.36,4.83,14.09,14.77,14.77,14.77,12.31,11.24,12.55,11.1,14.77,10.36,5.35,20.8,12.55,10.36
2011-10-01,11.03,11.11,11.19,10.96,9.9,9.82,9.84,10.04,11.24,10.69,9.8,13.41,11.69,8.07,10.45,10.45,4.38,10.69,9.8,14.08,14.08,11.97,4.93,13.75,18.46,18.3,18.46,11.69,11.69,11.69,11.97,13.75,18.46,10.69,9.94,9.94,13.75,9.94,8.07,4.93,10.69,11.03,9.96,18.46,11.24,18.46,10.45,18.3,11.19,4.38,10.45,8.07,11.05,11.67,11.67,9.82,9.85,11.97,10.45,10.45,10.45,4.38,11.24,18.3,18.3,18.3,13.75,11.11,13.41,11.19,18.3,10.45,4.93,18.46,13.41,10.45
2011-11-01,10.82,10.97,11.0,10.5,9.75,9.79,9.86,9.93,11.12,10.47,9.45,15.61,11.43,8.38,11.4,11.4,4.24,10.47,9.45,15.85,15.85,11.83,4.75,11.96,21.7,19.56,21.7,11.43,11.43,11.43,11.83,11.96,21.7,10.47,9.78,9.78,11.96,9.78,8.38,4.75,10.47,10.82,9.62,21.7,11.12,21.7,11.4,19.56,11.0,4.24,11.4,8.38,10.55,11.43,11.43,9.79,9.67,11.83,11.4,11.4,11.4,4.24,11.12,19.56,19.56,19.56,11.96,10.97,15.61,11.0,19.56,11.4,4.75,21.7,15.61,11.4
2011-12-01,11.51,11.72,11.45,11.75,10.36,10.95,10.63,10.8,13.93,10.95,9.88,15.6,12.48,9.89,10.35,10.35,5.04,10.95,9.88,13.28,13.28,12.38,5.77,15.69,21.27,20.84,21.27,12.48,12.48,12.48,12.38,15.69,21.27,10.95,10.13,10.13,15.69,10.13,9.89,5.77,10.95,11.51,10.07,21.27,13.93,21.27,10.35,20.84,11.45,5.04,10.35,9.89,10.57,11.92,11.92,10.95,10.07,12.38,10.35,10.35,10.35,5.04,13.93,20.84,20.84,20.84,15.69,11.72,15.6,11.45,20.84,10.35,5.77,21.27,15.6,10.35
2012-01-01,11.48,11.74,11.38,11.5,10.38,10.74,10.58,10.76,13.3,10.91,9.73,15.61,12.45,9.43,10.49,10.49,5.19,10.91,9.73,13.56,13.56,12.3,5.87,16.61,19.45,20.79,19.45,12.45,12.45,12.45,12.3,16.61,19.45,10.91,10.09,10.09,16.61,10.09,9.43,5.87,10.91,11.48,9.93,19.45,13.3,19.45,10.49,20.79,11.38,5.19,10.49,9.43,10.83,11.82,11.82,10.74,10.01,12.3,10.49,10.49,10.49,5.19,13.3,20.79,20.79,20.79,16.61,11.74,15.61,11.38,20.79,10.49,5.87,19.45,15.61,10.49
2012-02-01,11.64,11.91,11.5,10.05,10.54,10.91,10.53,10.93,13.39,11.0,9.83,17.0,12.74,9.98,9.85,9.85,5.42,11.0,9.83,13.86,13.86,12.52,6.16,17.82,17.56,20.99,17.56,12.74,12.74,12.74,12.52,17.82,17.56,11.0,10.16,10.16,17.82,10.16,9.98,6.16,11.0,11.64,10.04,17.56,13.39,17.56,9.85,20.99,11.5,5.42,9.85,9.98,11.44,11.95,11.95,10.91,10.12,12.52,9.85,9.85,9.85,5.42,13.39,20.99,20.99,20.99,17.82,11.91,17.0,11.5,20.99,9.85,6.16,17.56,17.0,9.85
2012-03-01,11.34,11.62,11.29,10.47,10.29,10.48,10.54,10.62,13.17,10.75,9.6,19.74,12.3,8.25,10.51,10.51,5.12,10.75,9.6,13.56,13.56,15.5,5.75,16.29,20.3,19.42,20.3,12.3,12.3,12.3,15.5,16.29,20.3,10.75,9.98,9.98,16.29,9.98,8.25,5.75,10.75,11.34,9.82,20.3,13.17,20.3,10.51,19.42,11.29,5.12,10.51,8.25,11.24,11.7,11.7,10.48,9.93,15.5,10.51,10.51,10.51,5.12,13.17,19.42,19.42,19.42,16.29,11.62,19.74,11.29,19.42,10.51,5.75,20.3,19.74,10.51
2012-04-01,11.58,11.91,11.46,9.11,10.5,10.88,10.5,10.88,13.22,10.91,9.76,21.86,12.69,6.5,10.92,10.92,5.39,10.91,9.76,13.86,13.86,12.71,6.11,17.54,25.05,19.36,25.05,12.69,12.69,12.69,12.71,17.54,25.05,10.91,10.1,10.1,17.54,10.1,6.5,6.11,10.91,11.58,9.98,25.05,13.22,25.05,10.92,19.36,11.46,5.39,10.92,6.5,10.96,11.89,11.89,10.88,10.07,12.71,10.92,10.92,10.92,5.39,13.22,19.36,19.36,19.36,17.54,11.91,21.86,11.46,19.36,10.92,6.11,25.05,21.86,10.92
2012-05-01,10.69,11.01,10.89,11.76,9.73,9.65,9.97,9.93,11.07,10.22,9.19,24.6,11.38,6.32,10.07,10.07,4.42,10.22,9.19,13.55,13.55,13.23,4.86,12.72,13.51,18.78,13.51,11.38,11.38,11.38,13.23,12.72,13.51,10.22,9.61,9.61,12.72,9.61,6.32,4.86,10.22,10.69,9.41,13.51,11.07,13.51,10.07,18.78,10.89,4.42,10.07,6.32,10.27,11.24,11.24,9.65,9.55,13.23,10.07,10.07,10.07,4.42,11.07,18.78,18.78,18.78,12.72,11.01,24.6,10.89,18.78,10.07,4.86,13.51,24.6,10.07
2012-06-01,11.52,11.51,11.64,13.8,10.86,11.28,10.28,11.03,9.69,10.88,11.09,26.04,9.88,9.49,10.93,10.93,6.46,10.88,11.09,15.42,15.42,15.48,6.0,6.14,26.34,20.29,26.34,9.88,9.88,9.88,15.48,6.14,26.34,10.88,12.62,12.62,6.14,12.62,9.49,6.0,10.88,11.52,11.52,26.34,9.69,26.34,10.93,20.29,11.64,6.46,10.93,9.49,11.45,11.38,11.38,11.28,12.18,15.48,10.93,10.93,10.93,6.46,9.69,20.29,20.29,20.29,6.14,11.51,26.04,11.64,20.29,10.93,6.0,26.34,26.04,10.93
2012-07-01,11.64,11.76,11.46,13.28,11.0,11.32,10.89,11.18,11.34,11.04,10.25,17.41,10.46,6.79,11.48,11.48,6.59,11.04,10.25,12.9,12.9,12.28,6.23,6.46,19.8,18.4,19.8,10.46,10.46,10.46,12.28,6.46,19.8,11.04,11.78,11.78,6.46,11.78,6.79,6.23,11.04,11.64,10.6,19.8,11.34,19.8,11.48,18.4,11.46,6.59,11.48,6.79,11.84,11.43,11.43,11.32,11.28,12.28,11.48,11.48,11.48,6.59,11.34,18.4,18.4,18.4,6.46,11.76,17.41,11.46,18.4,11.48,6.23,19.8,17.41,11.48
2012-08-01,11.77,11.88,11.49,10.63,11.15,11.32,10.67,11.27,11.11,11.12,10.55,11.47,10.55,5.2,10.37,10.37,6.66,11.12,10.55,13.24,13.24,12.19,6.34,6.74,16.88,15.56,16.88,10.55,10.55,10.55,12.19,6.74,16.88,11.12,11.97,11.97,6.74,11.97,5.2,6.34,11.12,11.77,10.92,16.88,11.11,16.88,10.37,15.56,11.49,6.66,10.37,5.2,11.89,11.39,11.39,11.32,11.52,12.19,10.37,10.37,10.37,6.66,11.11,15.56,15.56,15.56,6.74,11.88,11.47,11.49,15.56,10.37,6.34,16.88,11.47,10.37
2012-09-01,11.82,11.9,11.46,11.02,11.25,11.37,10.74,11.34,11.06,11.19,10.4,13.38,10.63,7.09,10.48,10.48,6.72,11.19,10.4,13.36,13.36,11.76,6.41,6.88,20.35,14.85,20.35,10.63,10.63,10.63,11.76,6.88,20.35,11.19,11.85,11.85,6.88,11.85,7.09,6.41,11.19,11.82,10.77,20.35,11.06,20.35,10.48,14.85,11.46,6.72,10.48,7.09,11.79,11.4,11.4,11.37,11.39,11.76,10.48,10.48,10.48,6.72,11.06,14.85,14.85,14.85,6.88,11.9,13.38,11.46,14.85,10.48,6.41,20.35,13.38,10.48
2012-10-01,11.53,11.62,11.46,11.0,10.9,10.92,10.7,11.0,11.02,10.92,10.36,14.65,10.34,9.23,10.41,10.41,6.45,10.92,10.36,13.09,13.09,12.44,6.12,6.59,18.05,18.33,18.05,10.34,10.34,10.34,12.44,6.59,18.05,10.92,11.74,11.74,6.59,11.74,9.23,6.12,10.92,11.53,10.74,18.05,11.02,18.05,10.41,18.33,11.46,6.45,10.41,9.23,11.6,11.42,11.42,10.92,11.38,12.44,10.41,10.41,10.41,6.45,11.02,18.33,18.33,18.33,6.59,11.62,14.65,11.46,18.33,10.41,6.12,18.05,14.65,10.41
2012-11-01,11.26,11.35,11.39,10.51,10.56,10.52,10.3,10.66,9.6,10.65,10.38,11.58,10.13,12.3,10.45,10.45,6.14,10.65,10.38,15.84,15.84,13.46,5.72,6.35,22.99,20.0,22.99,10.13,10.13,10.13,13.46,6.35,22.99,10.65,11.77,11.77,6.35,11.77,12.3,5.72,10.65,11.26,10.75,22.99,9.6,22.99,10.45,20.0,11.39,6.14,10.45,12.3,11.45,11.33,11.33,10.52,11.39,13.46,10.45,10.45,10.45,6.14,9.6,20.0,20.0,20.0,6.35,11.35,11.58,11.39,20.0,10.45,5.72,22.99,11.58,10.45
2012-12-01,9.65,9.73,9.96,11.21,8.76,8.38,8.28,8.88,8.13,9.16,7.87,10.88,10.15,13.93,10.43,10.43,3.43,9.16,7.87,15.57,15.57,9.98,3.71,9.11,13.86,20.91,13.86,10.15,10.15,10.15,9.98,9.11,13.86,9.16,8.36,8.36,9.11,8.36,13.93,3.71,9.16,9.65,8.05,13.86,8.13,13.86,10.43,20.91,9.96,3.43,10.43,13.93,9.72,10.41,10.41,8.38,8.26,9.98,10.43,10.43,10.43,3.43,8.13,20.91,20.91,20.91,9.11,9.73,10.88,9.96,20.91,10.43,3.71,13.86,10.88,10.43
2013-01-01,10.22,10.82,10.65,10.51,9.2,9.54,9.48,9.45,11.74,9.83,9.28,9.94,10.79,15.84,10.44,10.44,3.7,9.83,9.28,11.9,11.9,10.93,4.1,9.79,15.39,20.79,15.39,10.79,10.79,10.79,10.93,9.79,15.39,9.83,9.31,9.31,9.79,9.31,15.84,4.1,9.83,10.22,9.46,15.39,11.74,15.39,10.44,20.79,10.65,3.7,10.44,15.84,9.69,11.08,11.08,9.54,9.43,10.93,10.44,10.44,10.44,3.7,11.74,20.79,20.79,20.79,9.79,10.82,9.94,10.65,20.79,10.44,4.1,15.39,9.94,10.44
2013-02-01,10.25,10.73,10.53,10.49,9.22,9.56,9.09,9.48,11.27,9.83,8.84,10.33,10.78,14.54,10.43,10.43,3.82,9.83,8.84,10.95,10.95,9.93,4.18,10.07,15.58,16.11,15.58,10.78,10.78,10.78,9.93,10.07,15.58,9.83,9.19,9.19,10.07,9.19,14.54,4.18,9.83,10.25,9.0,15.58,11.27,15.58,10.43,16.11,10.53,3.82,10.43,14.54,9.55,10.97,10.97,9.56,9.14,9.93,10.43,10.43,10.43,3.82,11.27,16.11,16.11,16.11,10.07,10.73,10.33,10.53,16.11,10.43,4.18,15.58,10.33,10.43
2013-03-01,10.4,10.82,10.64,10.72,9.33,9.64,9.2,9.54,11.6,9.94,9.08,7.43,10.96,10.21,10.44,10.44,3.95,9.94,9.08,11.14,11.14,10.13,4.35,10.47,16.02,10.85,16.02,10.96,10.96,10.96,10.13,10.47,16.02,9.94,9.3,9.3,10.47,9.3,10.21,4.35,9.94,10.4,9.25,16.02,11.6,16.02,10.44,10.85,10.64,3.95,10.44,10.21,9.81,11.09,11.09,9.64,9.29,10.13,10.44,10.44,10.44,3.95,11.6,10.85,10.85,10.85,10.47,10.82,7.43,10.64,10.85,10.44,4.35,16.02,7.43,10.44
2013-04-01,10.67,11.02,10.79,10.48,9.56,9.97,9.85,9.81,11.77,10.15,9.17,7.15,11.25,10.48,8.23,8.23,4.23,10.15,9.17,7.74,7.74,9.96,4.7,11.78,9.96,10.57,9.96,11.25,11.25,11.25,9.96,11.78,9.96,10.15,9.44,9.44,11.78,9.44,10.48,4.7,10.15,10.67,9.33,9.96,11.77,9.96,8.23,10.57,10.79,4.23,8.23,10.48,10.25,11.27,11.27,9.97,9.41,9.96,8.23,8.23,8.23,4.23,11.77,10.57,10.57,10.57,11.78,11.02,7.15,10.79,10.57,8.23,4.7,9.96,7.15,8.23
2013-05-01,11.1,11.51,11.06,10.48,9.94,10.55,10.14,10.31,12.22,10.49,9.43,6.38,11.93,12.75,10.71,10.71,4.71,10.49,9.43,11.09,11.09,9.99,5.3,14.06,9.98,10.41,9.98,11.93,11.93,11.93,9.99,14.06,9.98,10.49,9.69,9.69,14.06,9.69,12.75,5.3,10.49,11.1,9.58,9.98,12.22,9.98,10.71,10.41,11.06,4.71,10.71,12.75,10.53,11.58,11.58,10.55,9.64,9.99,10.71,10.71,10.71,4.71,12.22,10.41,10.41,10.41,14.06,11.51,6.38,11.06,10.41,10.71,5.3,9.98,6.38,10.71
2013-06-01,10.8,11.16,10.86,10.18,9.71,10.03,9.95,10.04,10.81,10.27,9.22,6.12,11.46,12.52,10.28,10.28,4.45,10.27,9.22,12.7,12.7,9.96,4.94,12.93,9.99,10.51,9.99,11.46,11.46,11.46,9.96,12.93,9.99,10.27,9.54,9.54,12.93,9.54,12.52,4.94,10.27,10.8,9.38,9.99,10.81,9.99,10.28,10.51,10.86,4.45,10.28,12.52,10.22,11.33,11.33,10.03,9.46,9.96,10.28,10.28,10.28,4.45,10.81,10.51,10.51,10.51,12.93,11.16,6.12,10.86,10.51,10.28,4.94,9.99,6.12,10.28
2013-07-01,10.24,10.59,10.52,7.2,9.21,9.26,9.05,9.37,11.42,9.84,8.94,10.36,10.7,16.01,10.53,10.53,3.82,9.84,8.94,16.37,16.37,9.97,4.2,10.03,10.0,10.4,10.0,10.7,10.7,10.7,9.97,10.03,10.0,9.84,9.24,9.24,10.03,9.24,16.01,4.2,9.84,10.24,9.09,10.0,11.42,10.0,10.53,10.4,10.52,3.82,10.53,16.01,9.83,10.94,10.94,9.26,9.16,9.97,10.53,10.53,10.53,3.82,11.42,10.4,10.4,10.4,10.03,10.59,10.36,10.52,10.4,10.53,4.2,10.0,10.36,10.53
2013-08-01,10.23,10.62,10.53,9.26,9.19,9.45,9.31,9.42,11.01,9.82,8.98,10.44,10.65,15.65,9.28,9.28,3.74,9.82,8.98,9.94,9.94,9.96,4.14,9.52,10.01,10.51,10.01,10.65,10.65,10.65,9.96,9.52,10.01,9.82,9.24,9.24,9.52,9.24,15.65,4.14,9.82,10.23,9.13,10.01,11.01,10.01,9.28,10.51,10.53,3.74,9.28,15.65,9.85,10.96,10.96,9.45,9.17,9.96,9.28,9.28,9.28,3.74,11.01,10.51,10.51,10.51,9.52,10.62,10.44,10.53,10.51,9.28,4.14,10.01,10.44,9.28
2013-09-01,11.8,11.8,11.71,10.02,11.01,11.96,10.57,11.3,9.57,10.07,9.21,9.74,10.91,12.34,10.59,10.59,6.67,10.07,9.21,16.2,16.2,9.96,6.47,6.25,10.02,10.4,10.02,10.91,10.91,10.91,9.96,6.25,10.02,10.07,12.65,12.65,6.25,12.65,12.34,6.47,10.07,11.8,11.53,10.02,9.57,10.02,10.59,10.4,11.71,6.67,10.59,12.34,11.29,11.58,11.58,11.96,12.13,9.96,10.59,10.59,10.59,6.67,9.57,10.4,10.4,10.4,6.25,11.8,9.74,11.71,10.4,10.59,6.47,10.02,9.74,10.59
2013-10-01,11.38,11.13,10.96,7.15,10.05,10.77,11.67,10.71,8.96,10.29,9.57,10.37,10.62,16.04,10.34,10.34,6.29,10.29,9.57,15.71,15.71,9.97,5.2,6.24,8.13,10.51,8.13,10.62,10.62,10.62,9.97,6.24,8.13,10.29,11.78,11.78,6.24,11.78,16.04,5.2,10.29,11.38,10.55,8.13,8.96,8.13,10.34,10.51,10.96,6.29,10.34,16.04,11.24,11.34,11.34,10.77,10.11,9.97,10.34,10.34,10.34,6.29,8.96,10.51,10.51,10.51,6.24,11.13,10.37,10.96,10.51,10.34,5.2,8.13,10.37,10.34
2013-11-01,11.29,11.36,11.25,8.78,10.38,10.61,10.23,6.08,10.05,10.6,10.02,9.43,10.45,15.64,12.48,12.48,5.92,10.6,10.02,11.38,11.38,11.51,5.38,6.54,8.19,14.69,8.19,10.45,10.45,10.45,11.51,6.54,8.19,10.6,11.44,11.44,6.54,11.44,15.64,5.38,10.6,11.29,10.55,8.19,10.05,8.19,12.48,14.69,11.25,5.92,12.48,15.64,6.91,11.36,11.36,10.61,10.91,11.51,12.48,12.48,12.48,5.92,10.05,14.69,14.69,14.69,6.54,11.36,9.43,11.25,14.69,12.48,5.38,8.19,9.43,12.48
2013-12-01,11.45,11.52,11.26,9.79,10.49,10.93,10.18,11.94,10.26,10.75,10.15,9.3,10.47,15.69,10.22,10.22,6.28,10.75,10.15,9.85,9.85,10.27,5.46,6.37,12.3,10.82,12.3,10.47,10.47,10.47,10.27,6.37,12.3,10.75,11.89,11.89,6.37,11.89,15.69,5.46,10.75,11.45,10.82,12.3,10.26,12.3,10.22,10.82,11.26,6.28,10.22,15.69,11.31,11.43,11.43,10.93,10.86,10.27,10.22,10.22,10.22,6.28,10.26,10.82,10.82,10.82,6.37,11.52,9.3,11.26,10.82,10.22,5.46,12.3,9.3,10.22
2014-01-01,11.51,11.56,11.48,10.83,10.83,11.01,10.43,11.01,10.75,10.97,10.55,9.41,10.25,15.68,10.56,10.56,6.35,10.97,10.55,13.29,13.29,10.16,5.47,6.51,12.29,11.38,12.29,10.25,10.25,10.25,10.16,6.51,12.29,10.97,11.73,11.73,6.51,11.73,15.68,5.47,10.97,11.51,10.69,12.29,10.75,12.29,10.56,11.38,11.48,6.35,10.56,15.68,10.96,11.42,11.42,11.01,11.45,10.16,10.56,10.56,10.56,6.35,10.75,11.38,11.38,11.38,6.51,11.56,9.41,11.48,11.38,10.56,5.47,12.29,9.41,10.56
2014-02-01,11.53,11.61,11.42,10.45,10.82,11.04,10.48,11.06,10.62,10.95,10.36,10.94,10.33,8.94,11.23,11.23,6.38,10.95,10.36,13.11,13.11,12.16,6.26,6.58,20.89,17.59,20.89,10.33,10.33,10.33,12.16,6.58,20.89,10.95,11.72,11.72,6.58,11.72,8.94,6.26,10.95,11.53,10.71,20.89,10.62,20.89,11.23,17.59,11.42,6.38,11.23,8.94,11.99,11.43,11.43,11.04,11.26,12.16,11.23,11.23,11.23,6.38,10.62,17.59,17.59,17.59,6.58,11.61,10.94,11.42,17.59,11.23,6.26,20.89,10.94,11.23
2014-03-01,10.08,10.53,10.39,7.58,9.09,8.68,9.08,9.19,11.64,9.74,8.51,11.12,11.1,10.49,9.5,9.5,3.75,9.74,8.51,12.32,12.32,11.27,4.16,10.74,18.86,18.58,18.86,11.1,11.1,11.1,11.27,10.74,18.86,9.74,8.77,8.77,10.74,8.77,10.49,4.16,9.74,10.08,8.62,18.86,11.64,18.86,9.5,18.58,10.39,3.75,9.5,10.49,10.93,10.94,10.94,8.68,8.73,11.27,9.5,9.5,9.5,3.75,11.64,18.58,18.58,18.58,10.74,10.53,11.12,10.39,18.58,9.5,4.16,18.86,11.12,9.5
2014-04-01,10.82,11.21,10.95,8.37,9.74,10.12,9.83,10.0,10.54,10.28,9.42,12.03,11.53,10.0,10.06,10.06,4.34,10.28,9.42,12.91,12.91,11.74,4.96,12.84,17.69,15.05,17.69,11.53,11.53,11.53,11.74,12.84,17.69,10.28,9.55,9.55,12.84,9.55,10.0,4.96,10.28,10.82,9.59,17.69,10.54,17.69,10.06,15.05,10.95,4.34,10.06,10.0,10.48,11.42,11.42,10.12,9.61,11.74,10.06,10.06,10.06,4.34,10.54,15.05,15.05,15.05,12.84,11.21,12.03,10.95,15.05,10.06,4.96,17.69,12.03,10.06
2014-05-01,10.94,11.39,10.96,10.25,9.84,10.34,10.12,10.22,11.8,10.39,9.25,13.01,11.78,10.12,10.16,10.16,4.61,10.39,9.25,13.17,13.17,11.75,5.18,13.92,16.55,14.64,16.55,11.78,11.78,11.78,11.75,13.92,16.55,10.39,9.55,9.55,13.92,9.55,10.12,5.18,10.39,10.94,9.39,16.55,11.8,16.55,10.16,14.64,10.96,4.61,10.16,10.12,9.81,11.47,11.47,10.34,9.5,11.75,10.16,10.16,10.16,4.61,11.8,14.64,14.64,14.64,13.92,11.39,13.01,10.96,14.64,10.16,5.18,16.55,13.01,10.16
2014-06-01,10.15,10.54,10.46,9.49,9.16,9.16,8.94,9.35,11.16,9.78,8.88,10.87,10.61,10.43,9.6,9.6,3.79,9.78,8.88,12.19,12.19,11.65,4.15,10.11,14.33,14.68,14.33,10.61,10.61,10.61,11.65,10.11,14.33,9.78,9.15,9.15,10.11,9.15,10.43,4.15,9.78,10.15,9.02,14.33,11.16,14.33,9.6,14.68,10.46,3.79,9.6,10.43,9.75,10.87,10.87,9.16,9.09,11.65,9.6,9.6,9.6,3.79,11.16,14.68,14.68,14.68,10.11,10.54,10.87,10.46,14.68,9.6,4.15,14.33,10.87,9.6
2014-07-01,11.72,11.72,11.7,10.38,10.94,11.8,10.74,11.23,9.49,11.02,11.17,10.92,10.11,9.23,10.98,10.98,6.6,11.02,11.17,12.49,12.49,12.18,6.37,6.32,14.32,14.59,14.32,10.11,10.11,10.11,12.18,6.32,14.32,11.02,12.59,12.59,6.32,12.59,9.23,6.37,11.02,11.72,11.53,14.32,9.49,14.32,10.98,14.59,11.7,6.6,10.98,9.23,11.97,11.56,11.56,11.8,12.13,12.18,10.98,10.98,10.98,6.6,9.49,14.59,14.59,14.59,6.32,11.72,10.92,11.7,14.59,10.98,6.37,14.32,10.92,10.98
2014-08-01,11.53,11.58,11.36,10.43,10.78,11.11,10.41,11.01,10.72,10.93,10.18,10.81,10.33,9.24,11.17,11.17,6.49,10.93,10.18,12.97,12.97,12.07,6.16,6.5,14.3,14.68,14.3,10.33,10.33,10.33,12.07,6.5,14.3,10.93,11.68,11.68,6.5,11.68,9.24,6.16,10.93,11.53,10.48,14.3,10.72,14.3,11.17,14.68,11.36,6.49,11.17,9.24,11.9,11.4,11.4,11.11,11.1,12.07,11.17,11.17,11.17,6.49,10.72,14.68,14.68,14.68,6.5,11.58,10.81,11.36,14.68,11.17,6.16,14.3,10.81,11.17
2014-09-01,11.5,11.53,11.44,10.93,10.77,10.93,10.37,10.91,10.47,10.89,10.49,9.69,10.28,16.93,11.22,11.22,6.37,10.89,10.49,12.9,12.9,12.17,6.12,9.67,10.02,12.71,10.02,10.28,10.28,10.28,12.17,9.67,10.02,10.89,11.81,11.81,9.67,11.81,16.93,6.12,10.89,11.5,10.82,10.02,10.47,10.02,11.22,12.71,11.44,6.37,11.22,16.93,11.31,11.43,11.43,10.93,11.36,12.17,11.22,11.22,11.22,6.37,10.47,12.71,12.71,12.71,9.67,11.53,9.69,11.44,12.71,11.22,6.12,10.02,9.69,11.22
2014-10-01,11.5,11.55,11.41,10.49,10.78,10.96,10.4,10.94,10.53,10.89,10.34,11.76,10.31,18.7,11.2,11.2,6.35,10.89,10.34,12.91,12.91,12.13,6.1,6.01,10.03,12.61,10.03,10.31,10.31,10.31,12.13,6.01,10.03,10.89,11.73,11.73,6.01,11.73,18.7,6.1,10.89,11.5,10.67,10.03,10.53,10.03,11.2,12.61,11.41,6.35,11.2,18.7,11.28,11.42,11.42,10.96,11.27,12.13,11.2,11.2,11.2,6.35,10.53,12.61,12.61,12.61,6.01,11.55,11.76,11.41,12.61,11.2,6.1,10.03,11.76,11.2
2014-11-01,11.88,11.99,11.43,10.48,11.26,11.54,10.74,11.38,10.97,11.24,10.43,10.74,10.71,20.54,13.21,13.21,6.72,11.24,10.43,13.45,13.45,11.63,6.5,6.51,10.04,12.81,10.04,10.71,10.71,10.71,11.63,6.51,10.04,11.24,11.77,11.77,6.51,11.77,20.54,6.5,11.24,11.88,10.75,10.04,10.97,10.04,13.21,12.81,11.43,6.72,13.21,20.54,12.0,11.42,11.42,11.54,11.29,11.63,13.21,13.21,13.21,6.72,10.97,12.81,12.81,12.81,6.51,11.99,10.74,11.43,12.81,13.21,6.5,10.04,10.74,13.21
2014-12-01,11.83,11.91,11.36,11.83,11.51,11.82,10.88,11.67,10.56,11.23,10.4,11.67,10.79,20.37,12.4,12.4,6.91,11.23,10.4,13.52,13.52,22.31,6.67,6.05,11.12,16.2,11.12,10.79,10.79,10.79,22.31,6.05,11.12,11.23,11.66,11.66,6.05,11.66,20.37,6.67,11.23,11.83,10.72,11.12,10.56,11.12,12.4,16.2,11.36,6.91,12.4,20.37,12.09,11.38,11.38,11.82,11.19,22.31,12.4,12.4,12.4,6.91,10.56,16.2,16.2,16.2,6.05,11.91,11.67,11.36,16.2,12.4,6.67,11.12,11.67,12.4
2015-01-01,11.89,11.95,11.36,12.12,11.57,11.76,10.93,11.69,10.64,11.3,10.4,11.91,10.82,10.55,14.64,14.64,6.96,11.3,10.4,13.57,13.57,13.1,6.7,8.33,11.12,14.37,11.12,10.82,10.82,10.82,13.1,8.33,11.12,11.3,11.63,11.63,8.33,11.63,10.55,6.7,11.3,11.89,10.73,11.12,10.64,11.12,14.64,14.37,11.36,6.96,14.64,10.55,11.81,11.38,11.38,11.76,11.18,13.1,14.64,14.64,14.64,6.96,10.64,14.37,14.37,14.37,8.33,11.95,11.91,11.36,14.37,14.64,6.7,11.12,11.91,14.64
2015-02-01,12.08,12.34,11.13,12.16,11.72,11.86,11.61,11.84,11.4,11.37,9.86,11.23,10.63,8.23,14.26,14.26,7.01,11.37,9.86,13.4,13.4,11.54,6.87,7.69,14.08,13.33,14.08,10.63,10.63,10.63,11.54,7.69,14.08,11.37,11.07,11.07,7.69,11.07,8.23,6.87,11.37,12.08,10.22,14.08,11.4,14.08,14.26,13.33,11.13,7.01,14.26,8.23,11.78,11.2,11.2,11.86,10.8,11.54,14.26,14.26,14.26,7.01,11.4,13.33,13.33,13.33,7.69,12.34,11.23,11.13,13.33,14.26,6.87,14.08,11.23,14.26
2015-03-01,12.21,12.44,11.24,12.6,11.89,11.99,11.73,11.95,11.38,11.51,10.09,11.63,10.8,10.06,14.36,14.36,7.1,11.51,10.09,13.62,13.62,15.44,6.99,6.69,13.84,12.35,13.84,10.8,10.8,10.8,15.44,6.69,13.84,11.51,11.18,11.18,6.69,11.18,10.06,6.99,11.51,12.21,10.43,13.84,11.38,13.84,14.36,12.35,11.24,7.1,14.36,10.06,12.1,11.31,11.31,11.99,10.92,15.44,14.36,14.36,14.36,7.1,11.38,12.35,12.35,12.35,6.69,12.44,11.63,11.24,12.35,14.36,6.99,13.84,11.63,14.36
2015-04-01,12.42,12.77,11.2,13.67,12.14,12.3,12.34,12.2,11.09,11.6,9.92,9.9,10.93,11.48,14.79,14.79,7.07,11.6,9.92,13.68,13.68,10.58,7.17,7.68,13.28,11.17,13.28,10.93,10.93,10.93,10.58,7.68,13.28,11.6,11.05,11.05,7.68,11.05,11.48,7.17,11.6,12.42,10.31,13.28,11.09,13.28,14.79,11.17,11.2,7.07,14.79,11.48,12.5,11.33,11.33,12.3,10.86,10.58,14.79,14.79,14.79,7.07,11.09,11.17,11.17,11.17,7.68,12.77,9.9,11.2,11.17,14.79,7.17,13.28,9.9,14.79
2015-05-01,12.97,14.06,11.34,17.31,12.96,13.32,14.13,13.05,12.63,11.74,10.01,12.39,11.42,10.16,15.72,15.72,6.45,11.74,10.01,14.12,14.12,10.55,7.92,10.7,17.7,11.41,17.7,11.42,11.42,11.42,10.55,10.7,17.7,11.74,11.08,11.08,10.7,11.08,10.16,7.92,11.74,12.97,10.46,17.7,12.63,17.7,15.72,11.41,11.34,6.45,15.72,10.16,12.61,11.56,11.56,13.32,11.12,10.55,15.72,15.72,15.72,6.45,12.63,11.41,11.41,11.41,10.7,14.06,12.39,11.34,11.41,15.72,7.92,17.7,12.39,15.72
2015-06-01,15.83,17.2,12.41,20.86,16.49,18.4,17.85,16.98,12.26,12.06,9.49,12.53,12.71,10.98,13.4,13.4,10.18,12.06,9.49,16.49,16.49,11.33,12.13,12.49,32.31,11.72,32.31,12.71,12.71,12.71,11.33,12.49,32.31,12.06,10.93,10.93,12.49,10.93,10.98,12.13,12.06,15.83,9.98,32.31,12.26,32.31,13.4,11.72,12.41,10.18,13.4,10.98,13.48,13.26,13.26,18.4,11.0,11.33,13.4,13.4,13.4,10.18,12.26,11.72,11.72,11.72,12.49,17.2,12.53,12.41,11.72,13.4,12.13,32.31,12.53,13.4
2015-07-01,18.23,19.61,14.72,23.09,18.85,20.4,19.84,19.31,12.04,14.21,11.95,18.38,14.9,12.38,14.51,14.51,15.52,14.21,11.95,20.44,20.44,15.19,13.74,14.61,23.64,16.63,23.64,14.9,14.9,14.9,15.19,14.61,23.64,14.21,13.23,13.23,14.61,13.23,12.38,13.74,14.21,18.23,12.58,23.64,12.04,23.64,14.51,16.63,14.72,15.52,14.51,12.38,15.39,15.72,15.72,20.4,13.53,15.19,14.51,14.51,14.51,15.52,12.04,16.63,16.63,16.63,14.61,19.61,18.38,14.72,16.63,14.51,13.74,23.64,18.38,14.51
2015-08-01,22.29,24.99,17.6,20.96,22.44,24.27,21.7,22.96,10.35,17.23,14.19,27.26,17.88,15.3,19.96,19.96,22.67,17.23,14.19,21.14,21.14,20.86,16.49,16.57,20.36,26.6,20.36,17.88,17.88,17.88,20.86,16.57,20.36,17.23,15.97,15.97,16.57,15.97,15.3,16.49,17.23,22.29,14.85,20.36,10.35,20.36,19.96,26.6,17.6,22.67,19.96,15.3,18.76,18.93,18.93,24.27,16.25,20.86,19.96,19.96,19.96,22.67,10.35,26.6,26.6,26.6,16.57,24.99,27.26,17.6,26.6,19.96,16.49,20.36,27.26,19.96
2015-09-01,21.34,23.37,16.99,20.95,21.96,21.9,21.4,22.07,14.53,16.72,13.43,26.06,17.37,15.22,26.71,26.71,21.36,16.72,13.43,20.76,20.76,24.76,16.04,16.58,23.87,21.28,23.87,17.37,17.37,17.37,24.76,16.58,23.87,16.72,15.52,15.52,16.58,15.52,15.22,16.04,16.72,21.34,14.14,23.87,14.53,23.87,26.71,21.28,16.99,21.36,26.71,15.22,19.46,18.02,18.02,21.9,15.64,24.76,26.71,26.71,26.71,21.36,14.53,21.28,21.28,21.28,16.58,23.37,26.06,16.99,21.28,26.71,16.04,23.87,26.06,26.71
2015-10-01,24.94,27.6,20.5,20.94,25.46,26.62,24.07,25.83,14.96,19.2,16.68,25.96,20.55,17.47,25.86,25.86,11.97,19.2,16.68,31.57,31.57,12.76,18.62,18.75,28.87,21.07,28.87,20.55,20.55,20.55,12.76,18.75,28.87,19.2,18.51,18.51,18.75,18.51,17.47,18.62,19.2,24.94,17.52,28.87,14.96,28.87,25.86,21.07,20.5,11.97,25.86,17.47,21.47,21.94,21.94,26.62,19.0,12.76,25.86,25.86,25.86,11.97,14.96,21.07,21.07,21.07,18.75,27.6,25.96,20.5,21.07,25.86,18.62,28.87,25.96,25.86
2015-11-01,28.9,31.79,23.91,19.49,29.44,31.03,27.36,29.97,14.17,22.55,19.36,22.24,23.91,21.76,27.57,27.57,16.74,22.55,19.36,40.08,40.08,25.61,21.45,21.67,36.88,26.54,36.88,23.91,23.91,23.91,25.61,21.67,36.88,22.55,21.8,21.8,21.67,21.8,21.76,21.45,22.55,28.9,20.32,36.88,14.17,36.88,27.57,26.54,23.91,16.74,27.57,21.76,24.13,25.56,25.56,31.03,22.21,25.61,27.57,27.57,27.57,16.74,14.17,26.54,26.54,26.54,21.67,31.79,22.24,23.91,26.54,27.57,21.45,36.88,22.24,27.57
2015-12-01,26.26,29.82,21.59,25.49,27.3,26.26,26.36,27.22,20.97,20.55,16.96,26.85,21.86,20.58,32.85,32.85,16.74,20.55,16.96,41.74,41.74,24.25,19.8,20.58,43.47,29.14,43.47,21.86,21.86,21.86,24.25,20.58,43.47,20.55,19.8,19.8,20.58,19.8,20.58,19.8,20.55,26.26,17.97,43.47,20.97,43.47,32.85,29.14,21.59,16.74,32.85,20.58,23.68,22.68,22.68,26.26,20.05,24.25,32.85,32.85,32.85,16.74,20.97,29.14,29.14,29.14,20.58,29.82,26.85,21.59,29.14,32.85,19.8,43.47,26.85,32.85
2016-01-01,27.19,30.46,22.84,30.55,28.26,27.87,26.96,28.29,29.57,21.25,18.33,29.01,22.88,21.26,33.21,33.21,21.51,21.25,18.33,41.77,41.77,26.61,20.32,20.95,43.7,26.8,43.7,22.88,22.88,22.88,26.61,20.95,43.7,21.25,20.74,20.74,20.95,20.74,21.26,20.32,21.25,27.19,19.41,43.7,29.57,43.7,33.21,26.8,22.84,21.51,33.21,21.26,24.94,24.0,24.0,27.87,21.32,26.61,33.21,33.21,33.21,21.51,29.57,26.8,26.8,26.8,20.95,30.46,29.01,22.84,26.8,33.21,20.32,43.7,29.01,33.21
2016-02-01,34.23,35.33,29.24,40.26,34.86,37.14,36.18,35.51,37.35,27.1,24.27,29.72,28.96,38.22,41.43,41.43,20.97,27.1,24.27,45.15,45.15,25.28,25.24,26.15,40.32,39.27,40.32,28.96,28.96,28.96,25.28,26.15,40.32,27.1,26.67,26.67,26.15,26.67,38.22,25.24,27.1,34.23,25.33,40.32,37.35,40.32,41.43,39.27,29.24,20.97,41.43,38.22,30.49,31.08,31.08,37.14,27.48,25.28,41.43,41.43,41.43,20.97,37.35,39.27,39.27,39.27,26.15,35.33,29.72,29.24,39.27,41.43,25.24,40.32,29.72,41.43
2016-03-01,46.44,47.79,41.18,45.88,49.59,53.85,49.07,50.96,40.0,38.51,36.98,40.15,41.39,30.84,30.46,30.46,28.1,38.51,36.98,46.99,46.99,37.78,37.84,31.24,46.6,58.21,46.6,41.39,41.39,41.39,37.78,31.24,46.6,38.51,38.94,38.94,31.24,38.94,30.84,37.84,38.51,46.44,38.07,46.6,40.0,46.6,30.46,58.21,41.18,28.1,30.46,30.84,46.32,44.36,44.36,53.85,39.81,37.78,30.46,30.46,30.46,28.1,40.0,58.21,58.21,58.21,31.24,47.79,40.15,41.18,58.21,30.46,37.84,46.6,40.15,30.46
2016-04-01,53.24,53.29,49.55,46.61,59.63,62.29,56.52,59.72,44.73,45.88,43.48,45.58,49.13,35.42,40.46,40.46,35.83,45.88,43.48,48.01,48.01,29.14,44.1,30.83,66.2,44.5,66.2,49.13,49.13,49.13,29.14,30.83,66.2,45.88,45.93,45.93,30.83,45.93,35.42,44.1,45.88,53.24,43.72,66.2,44.73,66.2,40.46,44.5,49.55,35.83,40.46,35.42,63.87,52.77,52.77,62.29,45.83,29.14,40.46,40.46,40.46,35.83,44.73,44.5,44.5,44.5,30.83,53.29,45.58,49.55,44.5,40.46,44.1,66.2,45.58,40.46
2016-05-01,41.85,46.63,37.42,44.5,46.86,40.79,44.16,45.1,57.92,35.34,30.67,59.18,37.9,36.68,33.47,33.47,44.38,35.34,30.67,52.6,52.6,40.81,35.39,32.41,55.69,46.55,55.69,37.9,37.9,37.9,40.81,32.41,55.69,35.34,35.07,35.07,32.41,35.07,36.68,35.39,35.34,41.85,31.89,55.69,57.92,55.69,33.47,46.55,37.42,44.38,33.47,36.68,57.77,38.72,38.72,40.79,35.21,40.81,33.47,33.47,33.47,44.38,57.92,46.55,46.55,46.55,32.41,46.63,59.18,37.42,46.55,33.47,35.39,55.69,59.18,33.47
2016-06-01,49.83,50.33,47.07,62.24,56.3,56.05,54.0,55.52,41.37,42.26,41.39,48.23,46.51,39.34,46.0,46.0,54.32,42.26,41.39,57.86,57.86,58.13,41.11,55.49,72.67,47.12,72.67,46.51,46.51,46.51,58.13,55.49,72.67,42.26,43.02,43.02,55.49,43.02,39.34,41.11,42.26,49.83,42.29,72.67,41.37,72.67,46.0,47.12,47.07,54.32,46.0,39.34,66.08,49.46,49.46,56.05,44.1,58.13,46.0,46.0,46.0,54.32,41.37,47.12,47.12,47.12,55.49,50.33,48.23,47.07,47.12,46.0,41.11,72.67,48.23,46.0
2016-07-01,61.63,64.48,61.17,96.32,75.21,80.4,79.17,75.96,50.18,54.78,55.7,60.46,61.01,33.91,49.49,49.49,47.85,54.78,55.7,64.68,64.68,57.5,51.45,62.63,79.12,49.17,79.12,61.01,61.01,61.01,57.5,62.63,79.12,54.78,55.98,55.98,62.63,55.98,33.91,51.45,54.78,61.63,55.66,79.12,50.18,79.12,49.49,49.17,61.17,47.85,49.49,33.91,88.83,64.22,64.22,80.4,55.63,57.5,49.49,49.49,49.49,47.85,50.18,49.17,49.17,49.17,62.63,64.48,60.46,61.17,49.17,49.49,51.45,79.12,60.46,49.49
2016-08-01,77.52,78.18,80.8,132.3,103.3,109.56,106.54,105.16,63.12,72.66,78.62,77.57,80.25,54.63,48.19,48.19,42.99,72.66,78.62,85.3,85.3,64.58,61.81,80.32,63.92,64.28,63.92,80.25,80.25,80.25,64.58,80.32,63.92,72.66,75.15,75.15,80.32,75.15,54.63,61.81,72.66,77.52,78.75,63.92,63.12,63.92,48.19,64.28,80.8,42.99,48.19,54.63,70.92,86.15,86.15,109.56,70.05,64.58,48.19,48.19,48.19,42.99,63.12,64.28,64.28,64.28,80.32,78.18,77.57,80.8,64.28,48.19,61.81,63.92,77.57,48.19
2016-09-01,86.36,100.61,99.31,135.79,134.77,140.17,148.23,134.26,77.98,90.32,104.19,98.38,96.87,63.49,50.14,50.14,54.19,90.32,104.19,103.44,103.44,106.92,81.46,72.32,69.29,96.75,69.29,96.87,96.87,96.87,106.92,72.32,69.29,90.32,91.39,91.39,72.32,91.39,63.49,81.46,90.32,86.36,91.72,69.29,77.98,69.29,50.14,96.75,99.31,54.19,50.14,63.49,63.02,97.47,97.47,140.17,84.84,106.92,50.14,50.14,50.14,54.19,77.98,96.75,96.75,96.75,72.32,100.61,98.38,99.31,96.75,50.14,81.46,69.29,98.38,50.14
2016-10-01,98.37,104.05,112.27,195.99,147.44,143.96,164.8,145.08,99.83,102.85,116.03,99.48,108.01,91.88,84.59,84.59,70.5,102.85,116.03,114.71,114.71,107.84,90.65,139.11,79.19,95.7,79.19,108.01,108.01,108.01,107.84,139.11,79.19,102.85,105.81,105.81,139.11,105.81,91.88,90.65,102.85,98.37,107.99,79.19,99.83,79.19,84.59,95.7,112.27,70.5,84.59,91.88,47.34,111.33,111.33,143.96,99.05,107.84,84.59,84.59,84.59,70.5,99.83,95.7,95.7,95.7,139.11,104.05,99.48,112.27,95.7,84.59,90.65,79.19,99.48,84.59
2016-11-01,92.81,100.05,106.15,139.74,142.34,128.99,157.19,137.5,95.72,96.32,106.2,91.46,103.16,88.09,107.14,107.14,105.38,96.32,106.2,111.04,111.04,91.02,86.78,129.59,124.53,103.19,124.53,103.16,103.16,103.16,91.02,129.59,124.53,96.32,99.62,99.62,129.59,99.62,88.09,86.78,96.32,92.81,98.7,124.53,95.72,124.53,107.14,103.19,106.15,105.38,107.14,88.09,50.66,103.16,103.16,128.99,93.14,91.02,107.14,107.14,107.14,105.38,95.72,103.19,103.19,103.19,129.59,100.05,91.46,106.15,103.19,107.14,86.78,124.53,91.46,107.14
2016-12-01,106.35,119.25,125.07,165.16,158.06,151.87,169.07,155.58,115.68,112.14,132.43,115.55,116.87,106.43,115.3,115.3,90.28,112.14,132.43,122.9,122.9,88.19,98.61,111.75,174.27,104.54,174.27,116.87,116.87,116.87,88.19,111.75,174.27,112.14,118.13,118.13,111.75,118.13,106.43,98.61,112.14,106.35,123.07,174.27,115.68,174.27,115.3,104.54,125.07,90.28,115.3,106.43,56.18,121.68,121.68,151.87,112.24,88.19,115.3,115.3,115.3,90.28,115.68,104.54,104.54,104.54,111.75,119.25,115.55,125.07,104.54,115.3,98.61,174.27,115.55,115.3
2017-01-01,111.76,128.18,130.42,194.71,166.11,156.95,182.45,162.77,136.55,118.31,134.77,128.09,122.57,114.04,114.5,114.5,99.63,118.31,134.77,130.24,130.24,124.88,103.64,125.77,183.36,104.35,183.36,122.57,122.57,122.57,124.88,125.77,183.36,118.31,125.12,125.12,125.77,125.12,114.04,103.64,118.31,111.76,126.36,183.36,136.55,183.36,114.5,104.35,130.42,99.63,114.5,114.04,78.21,125.66,125.66,156.95,118.47,124.88,114.5,114.5,114.5,99.63,136.55,104.35,104.35,104.35,125.77,128.18,128.09,130.42,104.35,114.5,103.64,183.36,128.09,114.5
2017-02-01,133.14,142.41,159.31,223.2,190.35,187.33,205.01,188.66,177.04,145.6,176.45,122.64,144.25,146.04,172.73,172.73,101.98,145.6,176.45,150.21,150.21,132.44,124.76,125.47,223.24,128.36,223.24,144.25,144.25,144.25,132.44,125.47,223.24,145.6,156.12,156.12,125.47,156.12,146.04,124.76,145.6,133.14,163.46,223.24,177.04,223.24,172.73,128.36,159.31,101.98,172.73,146.04,71.99,152.4,152.4,187.33,150.49,132.44,172.73,172.73,172.73,101.98,177.04,128.36,128.36,128.36,125.47,142.41,122.64,159.31,128.36,172.73,124.76,223.24,122.64,172.73
2017-03-01,149.17,154.6,176.48,183.61,197.31,192.88,192.57,197.87,176.72,168.74,198.89,165.84,158.33,178.48,185.81,185.81,104.22,168.74,198.89,163.62,163.62,118.84,147.93,122.58,221.34,158.15,221.34,158.33,158.33,158.33,118.84,122.58,221.34,168.74,181.45,181.45,122.58,181.45,178.48,147.93,168.74,149.17,181.95,221.34,176.72,221.34,185.81,158.15,176.48,104.22,185.81,178.48,92.57,162.47,162.47,192.88,177.49,118.84,185.81,185.81,185.81,104.22,176.72,158.15,158.15,158.15,122.58,154.6,165.84,176.48,158.15,185.81,147.93,221.34,165.84,185.81
2017-04-01,169.89,177.29,203.21,175.99,218.32,217.57,207.51,220.22,171.44,194.91,234.1,191.96,178.56,210.81,211.69,211.69,130.51,194.91,234.1,182.02,182.02,114.25,169.92,127.44,320.98,151.38,320.98,178.56,178.56,178.56,114.25,127.44,320.98,194.91,211.41,211.41,127.44,211.41,210.81,169.92,194.91,169.89,215.06,320.98,171.44,320.98,211.69,151.38,203.21,130.51,211.69,210.81,92.82,186.88,186.88,217.57,209.05,114.25,211.69,211.69,211.69,130.51,171.44,151.38,151.38,151.38,127.44,177.29,191.96,203.21,151.38,211.69,169.92,320.98,191.96,211.69
2017-05-01,223.29,221.4,260.32,191.55,264.81,280.29,245.77,273.56,232.83,257.55,300.7,204.81,228.93,264.78,195.92,195.92,185.13,257.55,300.7,182.48,182.48,115.93,230.44,132.31,391.16,149.47,391.16,228.93,228.93,228.93,115.93,132.31,391.16,257.55,281.13,281.13,132.31,281.13,264.78,230.44,257.55,223.29,274.02,391.16,232.83,391.16,195.92,149.47,260.32,185.13,195.92,264.78,124.22,230.17,230.17,280.29,288.17,115.93,195.92,195.92,195.92,185.13,232.83,149.47,149.47,149.47,132.31,221.4,204.81,260.32,149.47,195.92,230.44,391.16,204.81,195.92
2017-06-01,202.64,202.67,237.1,190.75,252.05,241.15,233.26,254.14,315.41,235.14,263.17,261.03,210.7,258.81,217.85,217.85,231.35,235.14,263.17,164.32,164.32,169.05,213.77,185.71,254.53,281.75,254.53,210.7,210.7,210.7,169.05,185.71,254.53,235.14,255.21,255.21,185.71,255.21,258.81,213.77,235.14,202.64,243.61,254.53,315.41,254.53,217.85,281.75,237.1,231.35,217.85,258.81,133.67,210.35,210.35,241.15,254.68,169.05,217.85,217.85,217.85,231.35,315.41,281.75,281.75,281.75,185.71,202.67,261.03,237.1,281.75,217.85,213.77,254.53,261.03,217.85
2017-07-01,248.16,248.9,254.63,322.12,267.53,255.76,283.41,264.85,276.23,271.27,308.93,305.24,221.59,289.18,240.25,240.25,269.31,271.27,308.93,326.89,326.89,177.3,229.36,188.28,274.76,392.87,274.76,221.59,221.59,221.59,177.3,188.28,274.76,271.27,291.76,291.76,188.28,291.76,289.18,229.36,271.27,248.16,274.81,274.76,276.23,274.76,240.25,392.87,254.63,269.31,240.25,289.18,139.28,212.45,212.45,255.76,300.65,177.3,240.25,240.25,240.25,269.31,276.23,392.87,392.87,392.87,188.28,248.9,305.24,254.63,392.87,240.25,229.36,274.76,305.24,240.25
2017-08-01,237.94,239.52,251.08,264.78,266.54,253.84,264.25,264.73,278.07,261.83,291.58,208.96,220.47,291.01,239.88,239.88,242.53,261.83,291.58,297.0,297.0,206.31,226.62,200.61,292.53,433.34,292.53,220.47,220.47,220.47,206.31,200.61,292.53,261.83,284.55,284.55,200.61,284.55,291.01,226.62,261.83,237.94,264.56,292.53,278.07,292.53,239.88,433.34,251.08,242.53,239.88,291.01,198.38,211.95,211.95,253.84,289.91,206.31,239.88,239.88,239.88,242.53,278.07,433.34,433.34,433.34,200.61,239.52,208.96,251.08,433.34,239.88,226.62,292.53,208.96,239.88
2017-09-01,327.79,311.93,334.64,261.14,334.48,354.03,334.39,342.17,273.98,341.91,399.42,295.96,290.16,359.81,218.94,218.94,203.15,341.91,399.42,344.11,344.11,264.02,287.04,201.78,269.92,395.34,269.92,290.16,290.16,290.16,264.02,201.78,269.92,341.91,389.17,389.17,201.78,389.17,359.81,287.04,341.91,327.79,360.82,269.92,273.98,269.92,218.94,395.34,334.64,203.15,218.94,359.81,137.33,275.32,275.32,354.03,413.4,264.02,218.94,218.94,218.94,203.15,273.98,395.34,395.34,395.34,201.78,311.93,295.96,334.64,395.34,218.94,287.04,269.92,295.96,218.94
2017-10-01,293.95,275.42,298.12,263.86,312.9,298.79,314.85,313.0,250.88,311.63,337.69,285.54,264.32,346.78,199.71,199.71,182.42,311.63,337.69,303.33,303.33,256.5,268.41,178.68,273.06,400.0,273.06,264.32,264.32,264.32,256.5,178.68,273.06,311.63,348.9,348.9,178.68,348.9,346.78,268.41,311.63,293.95,307.73,273.06,250.88,273.06,199.71,400.0,298.12,182.42,199.71,346.78,167.59,244.47,244.47,298.79,359.83,256.5,199.71,199.71,199.71,182.42,250.88,400.0,400.0,400.0,178.68,275.42,285.54,298.12,400.0,199.71,268.41,273.06,285.54,199.71
2017-11-01,283.08,273.42,292.48,257.06,304.18,287.27,305.17,302.15,262.83,298.28,336.92,249.04,258.55,338.33,209.74,209.74,208.78,298.28,336.92,290.81,290.81,261.35,258.68,159.25,293.12,359.07,293.12,258.55,258.55,258.55,261.35,159.25,293.12,298.28,335.79,335.79,159.25,335.79,338.33,258.68,298.28,283.08,307.55,293.12,262.83,293.12,209.74,359.07,292.48,208.78,209.74,338.33,149.55,240.73,240.73,287.27,354.17,261.35,209.74,209.74,209.74,208.78,262.83,359.07,359.07,359.07,159.25,273.42,249.04,292.48,359.07,209.74,258.68,293.12,249.04,209.74
2017-12-01,298.27,294.94,307.66,272.03,317.13,310.9,316.69,318.15,267.91,312.48,356.91,267.6,269.87,355.07,197.0,197.0,207.55,312.48,356.91,335.41,335.41,267.93,267.68,164.55,248.8,437.58,248.8,269.87,269.87,269.87,267.93,164.55,248.8,312.48,355.32,355.32,164.55,355.32,355.07,267.68,312.48,298.27,325.54,248.8,267.91,248.8,197.0,437.58,307.66,207.55,197.0,355.07,127.89,252.78,252.78,310.9,374.87,267.93,197.0,197.0,197.0,207.55,267.91,437.58,437.58,437.58,164.55,294.94,267.6,307.66,437.58,197.0,267.68,248.8,267.6,197.0
2018-01-01,311.14,290.41,318.53,350.08,328.4,324.42,338.27,330.31,264.67,324.09,369.19,298.91,279.18,366.97,320.45,320.45,207.1,324.09,369.19,306.48,306.48,149.4,275.53,163.9,248.9,455.44,248.9,279.18,279.18,279.18,149.4,163.9,248.9,324.09,369.0,369.0,163.9,369.0,366.97,275.53,324.09,311.14,337.17,248.9,264.67,248.9,320.45,455.44,318.53,207.1,320.45,366.97,115.6,262.21,262.21,324.42,390.88,149.4,320.45,320.45,320.45,207.1,264.67,455.44,455.44,455.44,163.9,290.41,298.91,318.53,455.44,320.45,275.53,248.9,298.91,320.45
2018-02-01,351.06,318.83,346.88,408.35,352.57,355.29,364.11,356.54,285.01,350.69,400.34,323.52,308.19,384.71,418.38,418.38,256.74,350.69,400.34,318.14,318.14,275.51,298.71,178.73,246.85,469.27,246.85,308.19,308.19,308.19,275.51,178.73,246.85,350.69,410.42,410.42,178.73,410.42,384.71,298.71,350.69,351.06,363.81,246.85,285.01,246.85,418.38,469.27,346.88,256.74,418.38,384.71,120.07,283.28,283.28,355.29,443.52,275.51,418.38,418.38,418.38,256.74,285.01,469.27,469.27,469.27,178.73,318.83,323.52,346.88,469.27,418.38,298.71,246.85,323.52,418.38
2018-03-01,524.53,409.16,469.68,394.18,442.26,479.39,445.28,453.14,334.55,470.81,526.11,302.13,408.93,474.65,389.82,389.82,328.33,470.81,526.11,367.26,367.26,358.68,392.06,206.91,301.55,463.9,301.55,408.93,408.93,408.93,358.68,206.91,301.55,470.81,588.57,588.57,206.91,588.57,474.65,392.06,470.81,524.53,499.94,301.55,334.55,301.55,389.82,463.9,469.68,328.33,389.82,474.65,254.27,354.81,354.81,479.39,687.85,358.68,389.82,389.82,389.82,328.33,334.55,463.9,463.9,463.9,206.91,409.16,302.13,469.68,463.9,389.82,392.06,301.55,302.13,389.82
2018-04-01,504.38,390.53,443.45,415.82,434.43,431.66,434.72,437.37,384.32,455.15,488.62,320.72,391.6,684.72,466.39,466.39,426.4,455.15,488.62,370.11,370.11,489.55,382.91,270.22,361.29,265.12,361.29,391.6,391.6,391.6,489.55,270.22,361.29,455.15,556.76,556.76,270.22,556.76,684.72,382.91,455.15,504.38,457.94,361.29,384.32,361.29,466.39,265.12,443.45,426.4,466.39,684.72,419.2,340.1,340.1,431.66,632.22,489.55,466.39,466.39,466.39,426.4,384.32,265.12,265.12,265.12,270.22,390.53,320.72,443.45,265.12,466.39,382.91,361.29,320.72,466.39
2018-05-01,542.52,453.28,505.17,436.63,479.84,487.94,479.87,486.12,460.68,513.67,586.44,304.57,424.54,544.63,452.79,452.79,414.81,513.67,586.44,417.5,417.5,476.94,397.44,219.14,373.1,454.53,373.1,424.54,424.54,424.54,476.94,219.14,373.1,513.67,608.56,608.56,219.14,608.56,544.63,397.44,513.67,542.52,553.65,373.1,460.68,373.1,452.79,454.53,505.17,414.81,452.79,544.63,556.26,393.75,393.75,487.94,704.12,476.94,452.79,452.79,452.79,414.81,460.68,454.53,454.53,454.53,219.14,453.28,304.57,505.17,454.53,452.79,397.44,373.1,304.57,452.79
2018-06-01,782.72,584.11,703.29,459.5,594.83,641.46,572.36,597.39,410.0,757.67,896.75,318.61,597.68,870.46,484.39,484.39,337.21,757.67,896.75,512.84,512.84,704.15,627.83,258.46,424.15,451.83,424.15,597.68,597.68,597.68,704.15,258.46,424.15,757.67,1069.81,1069.81,258.46,1069.81,870.46,627.83,757.67,782.72,842.96,424.15,410.0,424.15,484.39,451.83,703.29,337.21,484.39,870.46,671.34,484.14,484.14,641.46,1254.11,704.15,484.39,484.39,484.39,337.21,410.0,451.83,451.83,451.83,258.46,584.11,318.61,703.29,451.83,484.39,627.83,424.15,318.61,484.39
2018-07-01,764.55,559.62,660.28,516.28,583.82,574.47,588.21,593.1,428.71,733.94,802.65,306.39,588.53,818.06,465.02,465.02,262.4,733.94,802.65,516.17,516.17,736.67,616.01,319.46,488.82,486.2,488.82,588.53,588.53,588.53,736.67,319.46,488.82,733.94,666.8,666.8,319.46,666.8,818.06,616.01,733.94,764.55,732.36,488.82,428.71,488.82,465.02,486.2,660.28,262.4,465.02,818.06,898.5,466.02,466.02,574.47,1159.03,736.67,465.02,465.02,465.02,262.4,428.71,486.2,486.2,486.2,319.46,559.62,306.39,660.28,486.2,465.02,616.01,488.82,306.39,465.02
2018-08-01,449.42,357.68,459.55,472.32,401.17,339.27,399.16,383.47,412.54,405.71,417.07,299.83,355.53,454.76,457.57,457.57,337.5,405.71,417.07,346.07,346.07,494.76,345.07,291.43,537.57,518.07,537.57,355.53,355.53,355.53,494.76,291.43,537.57,405.71,592.03,592.03,291.43,592.03,454.76,345.07,405.71,449.42,397.82,537.57,412.54,537.57,457.57,518.07,459.55,337.5,457.57,454.76,673.47,300.43,300.43,339.27,705.01,494.76,457.57,457.57,457.57,337.5,412.54,518.07,518.07,518.07,291.43,357.68,299.83,459.55,518.07,457.57,345.07,537.57,299.83,457.57
2018-09-01,367.63,330.33,342.73,435.75,355.65,320.02,366.09,348.22,421.57,358.05,406.04,207.52,312.77,427.91,428.69,428.69,339.19,358.05,406.04,335.49,335.49,482.52,300.63,211.06,478.18,522.01,478.18,312.77,312.77,312.77,482.52,211.06,478.18,358.05,473.8,473.8,211.06,473.8,427.91,300.63,358.05,367.63,382.13,478.18,421.57,478.18,428.69,522.01,342.73,339.19,428.69,427.91,669.05,274.81,274.81,320.02,457.24,482.52,428.69,428.69,428.69,339.19,421.57,522.01,522.01,522.01,211.06,330.33,207.52,342.73,522.01,428.69,300.63,478.18,207.52,428.69
2018-10-01,372.51,340.58,358.09,457.75,356.99,347.23,370.44,356.42,416.95,360.7,402.8,208.53,312.97,403.85,417.75,417.75,293.58,360.7,402.8,332.09,332.09,451.45,301.86,183.98,365.1,522.9,365.1,312.97,312.97,312.97,451.45,183.98,365.1,360.7,403.19,403.19,183.98,403.19,403.85,301.86,360.7,372.51,378.28,365.1,416.95,365.1,417.75,522.9,358.09,293.58,417.75,403.85,625.1,278.39,278.39,347.23,476.97,451.45,417.75,417.75,417.75,293.58,416.95,522.9,522.9,522.9,183.98,340.58,208.53,358.09,522.9,417.75,301.86,365.1,208.53,417.75
2018-11-01,370.27,340.78,350.98,360.24,355.08,351.29,368.56,356.03,372.45,352.53,404.82,207.61,310.39,424.49,264.3,264.3,257.37,352.53,404.82,331.83,331.83,427.2,297.88,202.08,255.3,522.46,255.3,310.39,310.39,310.39,427.2,202.08,255.3,352.53,413.92,413.92,202.08,413.92,424.49,297.88,352.53,370.27,378.84,255.3,372.45,255.3,264.3,522.46,350.98,257.37,264.3,424.49,628.99,279.14,279.14,351.29,465.32,427.2,264.3,264.3,264.3,257.37,372.45,522.46,522.46,522.46,202.08,340.78,207.61,350.98,522.46,264.3,297.88,255.3,207.61,264.3
2018-12-01,439.09,373.87,394.74,407.61,388.98,404.45,396.62,393.39,337.28,400.57,449.04,221.88,348.75,439.51,416.85,416.85,218.15,400.57,449.04,353.6,353.6,449.19,331.32,206.64,301.7,522.91,301.7,348.75,348.75,348.75,449.19,206.64,301.7,400.57,470.7,470.7,206.64,470.7,439.51,331.32,400.57,439.09,421.81,301.7,337.28,301.7,416.85,522.91,394.74,218.15,416.85,439.51,535.1,307.63,307.63,404.45,549.56,449.19,416.85,416.85,416.85,218.15,337.28,522.91,522.91,522.91,206.64,373.87,221.88,394.74,522.91,416.85,331.32,301.7,221.88,416.85
2019-01-01,494.47,400.47,432.36,421.83,421.69,439.96,431.44,427.03,305.91,436.44,484.61,223.84,383.24,402.94,519.0,519.0,202.65,436.44,484.61,366.91,366.91,358.53,366.44,201.68,260.43,522.68,260.43,383.24,383.24,383.24,358.53,201.68,260.43,436.44,527.37,527.37,201.68,527.37,402.94,366.44,436.44,494.47,454.62,260.43,305.91,260.43,519.0,522.68,432.36,202.65,519.0,402.94,482.02,335.44,335.44,439.96,617.14,358.53,519.0,519.0,519.0,202.65,305.91,522.68,522.68,522.68,201.68,400.47,223.84,432.36,522.68,519.0,366.44,260.43,223.84,519.0
2019-02-01,522.27,443.62,464.43,418.31,460.93,479.94,461.63,467.83,284.44,489.85,557.77,246.17,398.58,477.02,423.44,423.44,253.68,489.85,557.77,495.26,495.26,809.7,379.29,201.53,296.37,522.86,296.37,398.58,398.58,398.58,809.7,201.53,296.37,489.85,564.65,564.65,201.53,564.65,477.02,379.29,489.85,522.27,524.3,296.37,284.44,296.37,423.44,522.86,464.43,253.68,423.44,477.02,306.88,377.4,377.4,479.94,652.46,809.7,423.44,423.44,423.44,253.68,284.44,522.86,522.86,522.86,201.53,443.62,246.17,464.43,522.86,423.44,379.29,296.37,246.17,423.44
2019-03-01,548.59,454.85,495.13,418.62,475.36,485.46,474.89,480.55,287.75,505.34,561.95,223.74,421.97,570.83,475.65,475.65,268.1,505.34,561.95,410.14,410.14,672.25,392.71,207.25,336.71,522.72,336.71,421.97,421.97,421.97,672.25,207.25,336.71,505.34,590.4,590.4,207.25,590.4,570.83,392.71,505.34,548.59,528.21,336.71,287.75,336.71,475.65,522.72,495.13,268.1,475.65,570.83,698.12,385.92,385.92,485.46,687.26,672.25,475.65,475.65,475.65,268.1,287.75,522.72,522.72,522.72,207.25,454.85,223.74,495.13,522.72,475.65,392.71,336.71,223.74,475.65
2019-04-01,552.87,458.73,496.33,442.6,481.45,484.19,481.2,484.68,320.14,510.45,572.38,255.75,424.07,504.81,410.96,410.96,289.26,510.45,572.38,410.19,410.19,556.55,397.15,347.3,328.29,522.44,328.29,424.07,424.07,424.07,556.55,347.3,328.29,510.45,598.05,598.05,347.3,598.05,504.81,397.15,510.45,552.87,539.91,328.29,320.14,328.29,410.96,522.44,496.33,289.26,410.96,504.81,662.47,390.79,390.79,484.19,693.6,556.55,410.96,410.96,410.96,289.26,320.14,522.44,522.44,522.44,347.3,458.73,255.75,496.33,522.44,410.96,397.15,328.29,255.75,410.96
2019-05-01,559.96,465.48,505.23,480.11,485.75,488.46,483.13,489.72,363.15,516.53,578.78,301.81,433.67,467.81,270.08,270.08,260.22,516.53,578.78,410.03,410.03,468.26,398.98,233.03,322.21,522.56,322.21,433.67,433.67,433.67,468.26,233.03,322.21,516.53,599.65,599.65,233.03,599.65,467.81,398.98,516.53,559.96,526.97,322.21,363.15,322.21,270.08,522.56,505.23,260.22,270.08,467.81,652.11,395.8,395.8,488.46,713.61,468.26,270.08,270.08,270.08,260.22,363.15,522.56,522.56,522.56,233.03,465.48,301.81,505.23,522.56,270.08,398.98,322.21,301.81,270.08
2019-06-01,556.67,464.6,502.39,421.81,484.83,484.42,482.63,488.11,367.39,513.48,574.74,309.46,431.07,499.13,284.9,284.9,269.53,513.48,574.74,409.84,409.84,463.23,398.09,282.03,307.51,427.86,307.51,431.07,431.07,431.07,463.23,282.03,307.51,513.48,599.15,599.15,282.03,599.15,499.13,398.09,513.48,556.67,531.67,307.51,367.39,307.51,284.9,427.86,502.39,269.53,284.9,499.13,669.7,393.17,393.17,484.42,709.03,463.23,284.9,284.9,284.9,269.53,367.39,427.86,427.86,427.86,282.03,464.6,309.46,502.39,427.86,284.9,398.09,307.51,309.46,284.9
2019-07-01,682.92,531.16,618.39,503.2,521.94,536.6,523.3,527.48,402.96,687.9,804.43,314.39,568.84,468.07,330.6,330.6,305.19,687.9,804.43,409.73,409.73,526.91,571.02,292.13,334.55,419.71,334.55,568.84,568.84,568.84,526.91,292.13,334.55,687.9,963.61,963.61,292.13,963.61,468.07,571.02,687.9,682.92,707.82,334.55,402.96,334.55,330.6,419.71,618.39,305.19,330.6,468.07,629.44,431.06,431.06,536.6,1139.86,526.91,330.6,330.6,330.6,305.19,402.96,419.71,419.71,419.71,292.13,531.16,314.39,618.39,419.71,330.6,571.02,334.55,314.39,330.6
2019-08-01,687.89,529.55,604.09,519.15,533.8,539.84,552.01,533.37,428.52,666.22,727.94,310.05,533.43,645.07,424.24,424.24,313.7,666.22,727.94,409.87,409.87,584.81,552.69,314.21,375.91,563.96,375.91,533.43,533.43,533.43,584.81,314.21,375.91,666.22,918.41,918.41,314.21,918.41,645.07,552.69,666.22,687.89,666.79,375.91,428.52,375.91,424.24,563.96,604.09,313.7,424.24,645.07,671.49,429.73,429.73,539.84,1032.08,584.81,424.24,424.24,424.24,313.7,428.52,563.96,563.96,563.96,314.21,529.55,310.05,604.09,563.96,424.24,552.69,375.91,310.05,424.24
2019-09-01,717.76,544.32,637.26,548.36,555.08,565.11,528.92,548.8,366.97,685.65,773.92,313.84,532.95,625.39,435.77,435.77,311.49,685.65,773.92,471.89,471.89,586.55,565.58,312.07,371.81,526.22,371.81,532.95,532.95,532.95,586.55,312.07,371.81,685.65,950.43,950.43,312.07,950.43,625.39,565.58,685.65,717.76,735.77,371.81,366.97,371.81,435.77,526.22,637.26,311.49,435.77,625.39,636.24,442.92,442.92,565.11,1100.65,586.55,435.77,435.77,435.77,311.49,366.97,526.22,526.22,526.22,312.07,544.32,313.84,637.26,526.22,435.77,565.58,371.81,313.84,435.77
2019-10-01,775.57,575.62,664.03,465.43,585.01,591.66,572.3,592.01,485.5,732.49,831.79,383.65,554.91,627.35,473.6,473.6,310.72,732.49,831.79,465.56,465.56,722.85,607.55,310.27,482.72,603.33,482.72,554.91,554.91,554.91,722.85,310.27,482.72,732.49,1102.14,1102.14,310.27,1102.14,627.35,607.55,732.49,775.57,751.66,482.72,485.5,482.72,473.6,603.33,664.03,310.72,473.6,627.35,672.23,471.75,471.75,591.66,1172.47,722.85,473.6,473.6,473.6,310.72,485.5,603.33,603.33,603.33,310.27,575.62,383.65,664.03,603.33,473.6,607.55,482.72,383.65,473.6
2019-11-01,762.37,568.27,658.2,486.64,581.95,578.19,565.22,583.46,562.55,721.59,808.5,420.79,549.58,627.09,434.02,434.02,310.42,721.59,808.5,462.88,462.88,706.41,598.6,431.32,497.85,623.17,497.85,549.58,549.58,549.58,706.41,431.32,497.85,721.59,1065.67,1065.67,431.32,1065.67,627.09,598.6,721.59,762.37,746.8,497.85,562.55,497.85,434.02,623.17,658.2,310.42,434.02,627.09,660.8,463.88,463.88,578.19,1153.26,706.41,434.02,434.02,434.02,310.42,562.55,623.17,623.17,623.17,431.32,568.27,420.79,658.2,623.17,434.02,598.6,497.85,420.79,434.02
2019-12-01,756.43,567.13,655.44,515.4,579.85,573.27,563.19,580.27,511.77,714.69,807.5,388.39,547.6,740.56,435.13,435.13,310.28,714.69,807.5,469.5,469.5,731.97,593.71,393.77,413.69,627.95,413.69,547.6,547.6,547.6,731.97,393.77,413.69,714.69,1060.09,1060.09,393.77,1060.09,740.56,593.71,714.69,756.43,741.94,413.69,511.77,413.69,435.13,627.95,655.44,310.28,435.13,740.56,587.11,462.5,462.5,573.27,1149.17,731.97,435.13,435.13,435.13,310.28,511.77,627.95,627.95,627.95,393.77,567.13,388.39,655.44,627.95,435.13,593.71,413.69,388.39,435.13
2020-01-01,751.31,566.86,652.43,521.85,577.85,572.17,559.16,578.6,521.03,709.17,800.94,401.57,545.54,879.24,431.83,431.83,526.78,709.17,800.94,482.21,482.21,727.1,589.59,424.95,440.44,671.87,440.44,545.54,545.54,545.54,727.1,424.95,440.44,709.17,1050.54,1050.54,424.95,1050.54,879.24,589.59,709.17,751.31,738.54,440.44,521.03,440.44,431.83,671.87,652.43,526.78,431.83,879.24,632.19,460.17,460.17,572.17,1141.97,727.1,431.83,431.83,431.83,526.78,521.03,671.87,671.87,671.87,424.95,566.86,401.57,652.43,671.87,431.83,589.59,440.44,401.57,431.83
2020-02-01,766.03,585.55,664.56,707.85,587.39,587.84,598.53,589.41,553.32,721.01,818.64,426.19,574.35,1061.9,501.72,501.72,533.71,721.01,818.64,520.37,520.37,452.77,628.97,464.94,522.92,769.95,522.92,574.35,574.35,574.35,452.77,464.94,522.92,721.01,1065.48,1065.48,464.94,1065.48,1061.9,628.97,721.01,766.03,753.94,522.92,553.32,522.92,501.72,769.95,664.56,533.71,501.72,1061.9,616.1,472.8,472.8,587.84,1160.29,452.77,501.72,501.72,501.72,533.71,553.32,769.95,769.95,769.95,464.94,585.55,426.19,664.56,769.95,501.72,628.97,522.92,426.19,501.72
2020-03-01,697.66,537.49,608.27,626.69,545.54,525.53,534.97,543.17,412.19,659.3,735.03,354.43,541.24,1043.56,492.18,492.18,493.16,659.3,735.03,455.52,455.52,628.71,553.58,445.72,521.31,780.92,521.31,541.24,541.24,541.24,628.71,445.72,521.31,659.3,948.56,948.56,445.72,948.56,1043.56,553.58,659.3,697.66,682.45,521.31,412.19,521.31,492.18,780.92,608.27,493.16,492.18,1043.56,749.46,427.51,427.51,525.53,1064.67,628.71,492.18,492.18,492.18,493.16,412.19,780.92,780.92,780.92,445.72,537.49,354.43,608.27,780.92,492.18,553.58,521.31,354.43,492.18
2020-04-01,729.85,483.11,542.09,627.66,483.01,460.17,494.26,478.65,669.71,582.61,647.86,400.96,633.87,822.37,525.91,525.91,489.05,582.61,647.86,458.68,458.68,708.15,621.09,409.0,631.86,785.29,631.86,633.87,633.87,633.87,708.15,409.0,631.86,582.61,1032.07,1032.07,409.0,1032.07,822.37,621.09,582.61,729.85,584.16,631.86,669.71,631.86,525.91,785.29,542.09,489.05,525.91,822.37,762.24,387.27,387.27,460.17,1344.41,708.15,525.91,525.91,525.91,489.05,669.71,785.29,785.29,785.29,409.0,483.11,400.96,542.09,785.29,525.91,621.09,631.86,400.96,525.91
2020-05-01,801.24,494.63,553.52,592.53,487.81,487.94,498.51,488.89,725.81,590.77,673.49,423.66,609.92,961.16,522.4,522.4,517.69,590.77,673.49,460.31,460.31,727.37,609.69,411.36,629.71,782.37,629.71,609.92,609.92,609.92,727.37,411.36,629.71,590.77,1011.26,1011.26,411.36,1011.26,961.16,609.69,590.77,801.24,611.17,629.71,725.81,629.71,522.4,782.37,553.52,517.69,522.4,961.16,764.39,396.36,396.36,487.94,1267.96,727.37,522.4,522.4,522.4,517.69,725.81,782.37,782.37,782.37,411.36,494.63,423.66,553.52,782.37,522.4,609.69,629.71,423.66,522.4
2020-06-01,824.65,541.46,614.58,603.82,534.77,566.26,536.0,532.14,736.79,646.25,737.11,456.06,612.37,1052.89,753.07,753.07,519.09,646.25,737.11,663.49,663.49,745.33,530.01,452.93,627.65,785.08,627.65,612.37,612.37,612.37,745.33,452.93,627.65,646.25,1011.49,1011.49,452.93,1011.49,1052.89,530.01,646.25,824.65,699.93,627.65,736.79,627.65,753.07,785.08,614.58,519.09,753.07,1052.89,813.41,430.27,430.27,566.26,1362.57,745.33,753.07,753.07,753.07,519.09,736.79,785.08,785.08,785.08,452.93,541.46,456.06,614.58,785.08,753.07,530.01,627.65,456.06,753.07
2020-07-01,721.51,604.92,684.04,630.53,587.07,628.11,608.04,609.98,659.89,758.51,860.73,476.73,609.56,1044.53,717.46,717.46,517.86,758.51,860.73,873.11,873.11,747.21,620.35,481.52,625.73,788.91,625.73,609.56,609.56,609.56,747.21,481.52,625.73,758.51,1008.18,1008.18,481.52,1008.18,1044.53,620.35,758.51,721.51,778.2,625.73,659.89,625.73,717.46,788.91,684.04,517.86,717.46,1044.53,1041.24,497.92,497.92,628.11,1444.32,747.21,717.46,717.46,717.46,517.86,659.89,788.91,788.91,788.91,481.52,604.92,476.73,684.04,788.91,717.46,620.35,625.73,476.73,717.46
2020-08-01,817.45,701.24,773.18,648.22,647.75,705.17,655.45,665.19,645.59,874.52,986.97,604.49,752.46,1045.58,852.09,852.09,567.62,874.52,986.97,619.88,619.88,748.34,632.92,463.99,624.09,821.22,624.09,752.46,752.46,752.46,748.34,463.99,624.09,874.52,1006.83,1006.83,463.99,1006.83,1045.58,632.92,874.52,817.45,867.22,624.09,645.59,624.09,852.09,821.22,773.18,567.62,852.09,1045.58,1034.91,569.11,569.11,705.17,1536.4,748.34,852.09,852.09,852.09,567.62,645.59,821.22,821.22,821.22,463.99,701.24,604.49,773.18,821.22,852.09,632.92,624.09,604.49,852.09
2020-09-01,1041.33,769.18,858.25,731.87,706.51,779.74,714.94,755.99,773.35,977.67,1097.98,641.22,751.04,1045.45,825.0,825.0,605.75,977.67,1097.98,705.49,705.49,746.1,663.54,472.4,648.34,793.16,648.34,751.04,751.04,751.04,746.1,472.4,648.34,977.67,1005.14,1005.14,472.4,1005.14,1045.45,663.54,977.67,1041.33,520.23,648.34,773.35,648.34,825.0,793.16,858.25,605.75,825.0,1045.45,1073.68,630.46,630.46,779.74,1632.17,746.1,825.0,825.0,825.0,605.75,773.35,793.16,793.16,793.16,472.4,769.18,641.22,858.25,793.16,825.0,663.54,648.34,641.22,825.0
2020-10-01,959.43,1001.99,945.85,701.34,830.38,1009.73,886.95,954.63,682.27,1097.02,1271.52,609.3,529.91,1045.22,642.16,642.16,760.34,1097.02,1271.52,937.68,937.68,744.03,702.64,742.06,926.54,817.33,926.54,529.91,529.91,529.91,744.03,742.06,926.54,1097.02,1003.25,1003.25,742.06,1003.25,1045.22,702.64,1097.02,959.43,1025.49,926.54,682.27,926.54,642.16,817.33,945.85,760.34,642.16,1045.22,1075.62,780.03,780.03,1009.73,1734.34,744.03,642.16,642.16,642.16,760.34,682.27,817.33,817.33,817.33,742.06,1001.99,609.3,945.85,817.33,642.16,702.64,926.54,609.3,642.16
2020-11-01,978.2,1137.96,820.99,748.91,840.49,1226.78,1003.62,1114.01,768.53,943.16,1232.8,636.97,611.84,1299.38,462.75,462.75,853.25,943.16,1232.8,1067.12,1067.12,741.85,806.28,808.8,1018.79,666.17,1018.79,611.84,611.84,611.84,741.85,808.8,1018.79,943.16,1456.36,1456.36,808.8,1456.36,1299.38,806.28,943.16,978.2,1320.92,1018.79,768.53,1018.79,462.75,666.17,820.99,853.25,462.75,1299.38,679.82,798.7,798.7,1226.78,1291.41,741.85,462.75,462.75,462.75,853.25,768.53,666.17,666.17,666.17,808.8,1137.96,636.97,820.99,666.17,462.75,806.28,1018.79,636.97,462.75
2020-12-01,1181.55,1296.41,978.61,732.57,936.43,1319.97,1120.07,1181.76,829.71,1113.96,1541.51,612.99,630.52,1460.72,473.53,473.53,1343.27,1113.96,1541.51,1219.05,1219.05,745.26,912.85,747.1,1063.77,679.76,1063.77,630.52,630.52,630.52,745.26,747.1,1063.77,1113.96,1333.03,1333.03,747.1,1333.03,1460.72,912.85,1113.96,1181.55,1712.11,1063.77,829.71,1063.77,473.53,679.76,978.61,1343.27,473.53,1460.72,297.22,954.35,954.35,1319.97,1565.36,745.26,473.53,473.53,473.53,1343.27,829.71,679.76,679.76,679.76,747.1,1296.41,612.99,978.61,679.76,473.53,912.85,1063.77,612.99,473.53
2021-01-01,1291.26,1288.57,961.01,799.39,939.6,1243.82,1115.03,1197.9,964.96,1115.41,1476.1,633.93,659.48,1473.17,789.93,789.93,889.08,1115.41,1476.1,1246.84,1246.84,742.61,1032.39,739.5,1058.79,700.51,1058.79,659.48,659.48,659.48,742.61,739.5,1058.79,1115.41,1344.71,1344.71,739.5,1344.71,1473.17,1032.39,1115.41,1291.26,1733.2,1058.79,964.96,1058.79,789.93,700.51,961.01,889.08,789.93,1473.17,683.99,936.03,936.03,1243.82,1582.47,742.61,789.93,789.93,789.93,889.08,964.96,700.51,700.51,700.51,739.5,1288.57,633.93,961.01,700.51,789.93,1032.39,1058.79,633.93,789.93
2021-02-01,1236.47,1291.02,967.21,831.97,940.36,1245.36,1121.29,1206.99,804.05,1113.36,1498.4,615.63,591.47,1478.39,1051.83,1051.83,776.59,1113.36,1498.4,1243.4,1243.4,826.79,1018.94,733.39,943.02,729.82,943.02,591.47,591.47,591.47,826.79,733.39,943.02,1113.36,1332.7,1332.7,733.39,1332.7,1478.39,1018.94,1113.36,1236.47,1727.54,943.02,804.05,943.02,1051.83,729.82,967.21,776.59,1051.83,1478.39,849.25,936.88,936.88,1245.36,1628.26,826.79,1051.83,1051.83,1051.83,776.59,804.05,729.82,729.82,729.82,733.39,1291.02,615.63,967.21,729.82,1051.83,1018.94,943.02,615.63,1051.83
2021-03-01,1194.9,1385.62,978.35,835.23,965.27,1311.74,1250.35,1259.89,808.11,1132.52,1572.51,731.2,894.93,1525.27,1264.75,1264.75,818.47,1132.52,1572.51,1290.38,1290.38,811.83,1034.43,788.25,829.66,948.86,829.66,894.93,894.93,894.93,811.83,788.25,829.66,1132.52,1129.94,1129.94,788.25,1129.94,1525.27,1034.43,1132.52,1194.9,1839.31,829.66,808.11,829.66,1264.75,948.86,978.35,818.47,1264.75,1525.27,1068.59,988.07,988.07,1311.74,1672.62,811.83,1264.75,1264.75,1264.75,818.47,808.11,948.86,948.86,948.86,788.25,1385.62,731.2,978.35,948.86,1264.75,1034.43,829.66,731.2,1264.75
2021-04-01,1169.67,1356.9,969.94,940.56,955.67,1268.21,1217.24,1237.2,755.51,1118.62,1524.83,725.4,814.54,982.89,1166.54,1166.54,813.36,1118.62,1524.83,1280.41,1280.41,887.13,1205.53,741.01,828.02,1008.2,828.02,814.54,814.54,814.54,887.13,741.01,828.02,1118.62,954.39,954.39,741.01,954.39,982.89,1205.53,1118.62,1169.67,1769.12,828.02,755.51,828.02,1166.54,1008.2,969.94,813.36,1166.54,982.89,1143.45,958.21,958.21,1268.21,1652.6,887.13,1166.54,1166.54,1166.54,813.36,755.51,1008.2,1008.2,1008.2,741.01,1356.9,725.4,969.94,1008.2,1166.54,1205.53,828.02,725.4,1166.54
2021-05-01,1149.63,1156.37,894.78,996.4,887.65,1070.68,1041.63,1073.49,751.96,1007.45,1294.64,730.57,826.23,1025.93,1224.62,1224.62,712.28,1007.45,1294.64,1121.93,1121.93,874.51,858.15,778.73,870.49,1039.08,870.49,826.23,826.23,826.23,874.51,778.73,870.49,1007.45,989.44,989.44,778.73,989.44,1025.93,858.15,1007.45,1149.63,1479.95,870.49,751.96,870.49,1224.62,1039.08,894.78,712.28,1224.62,1025.93,925.79,811.05,811.05,1070.68,1409.54,874.51,1224.62,1224.62,1224.62,712.28,751.96,1039.08,1039.08,1039.08,778.73,1156.37,730.57,894.78,1039.08,1224.62,858.15,870.49,730.57,1224.62
2021-06-01,1133.91,1188.34,900.2,947.76,760.53,1142.02,1062.08,1081.94,696.18,1009.88,1087.66,726.05,819.39,1165.49,705.96,705.96,840.01,1009.88,1087.66,1116.4,1116.4,867.41,914.23,653.44,960.28,1046.01,960.28,819.39,819.39,819.39,867.41,653.44,960.28,1009.88,1193.14,1193.14,653.44,1193.14,1165.49,914.23,1009.88,1133.91,1082.95,960.28,696.18,960.28,705.96,1046.01,900.2,840.01,705.96,1165.49,782.65,847.51,847.51,1142.02,1289.08,867.41,705.96,705.96,705.96,840.01,696.18,1046.01,1046.01,1046.01,653.44,1188.34,726.05,900.2,1046.01,705.96,914.23,960.28,726.05,705.96
2021-07-01,1101.51,984.07,1057.28,911.46,780.19,960.91,903.24,904.89,684.59,567.78,592.06,717.02,826.09,1307.32,809.07,809.07,790.47,567.78,592.06,950.5,950.5,885.4,795.66,687.02,918.28,892.24,918.28,826.09,826.09,826.09,885.4,687.02,918.28,567.78,1167.4,1167.4,687.02,1167.4,1307.32,795.66,567.78,1101.51,557.06,918.28,684.59,918.28,809.07,892.24,1057.28,790.47,809.07,1307.32,650.39,714.43,714.43,960.91,888.66,885.4,809.07,809.07,809.07,790.47,684.59,892.24,892.24,892.24,687.02,984.07,717.02,1057.28,892.24,809.07,795.66,918.28,717.02,809.07
2021-08-01,1077.38,826.25,1089.56,775.36,607.12,845.41,770.82,772.04,818.94,912.48,1122.54,625.96,765.97,1528.59,1052.86,1052.86,545.9,912.48,1122.54,796.92,796.92,879.64,569.78,630.61,1041.63,748.82,1041.63,765.97,765.97,765.97,879.64,630.61,1041.63,912.48,1091.02,1091.02,630.61,1091.02,1528.59,569.78,912.48,1077.38,983.95,1041.63,818.94,1041.63,1052.86,748.82,1089.56,545.9,1052.86,1528.59,865.67,631.41,631.41,845.41,1394.7,879.64,1052.86,1052.86,1052.86,545.9,818.94,748.82,748.82,748.82,630.61,826.25,625.96,1089.56,748.82,1052.86,569.78,1041.63,625.96,1052.86
2021-09-01,993.96,777.14,998.42,739.71,852.1,962.68,723.49,718.67,761.54,1062.35,1157.43,566.65,598.18,1314.37,1264.04,1264.04,657.96,1062.35,1157.43,740.05,740.05,881.04,783.19,504.46,1038.87,732.76,1038.87,598.18,598.18,598.18,881.04,504.46,1038.87,1062.35,1220.06,1220.06,504.46,1220.06,1314.37,783.19,1062.35,993.96,1577.98,1038.87,761.54,1038.87,1264.04,732.76,998.42,657.96,1264.04,1314.37,956.35,604.41,604.41,962.68,1570.99,881.04,1264.04,1264.04,1264.04,657.96,761.54,732.76,732.76,732.76,504.46,777.14,566.65,998.42,732.76,1264.04,783.19,1038.87,566.65,1264.04
2021-10-01,1007.71,798.31,945.21,735.61,803.49,688.97,731.65,739.35,646.04,1016.34,1124.71,521.24,589.38,1593.43,1245.61,1245.61,503.2,1016.34,1124.71,747.25,747.25,878.31,810.49,489.64,1036.47,732.78,1036.47,589.38,589.38,589.38,878.31,489.64,1036.47,1016.34,1471.85,1471.85,489.64,1471.85,1593.43,810.49,1016.34,1007.71,1224.0,1036.47,646.04,1036.47,1245.61,732.78,945.21,503.2,1245.61,1593.43,928.04,615.9,615.9,688.97,1508.25,878.31,1245.61,1245.61,1245.61,503.2,646.04,732.78,732.78,732.78,489.64,798.31,521.24,945.21,732.78,1245.61,810.49,1036.47,521.24,1245.61
2021-11-01,1462.24,785.79,888.51,829.02,876.08,789.18,737.11,705.6,677.05,993.83,1105.68,519.07,593.45,1509.02,1034.12,1034.12,512.8,993.83,1105.68,729.74,729.74,925.66,805.63,492.1,1034.45,821.3,1034.45,593.45,593.45,593.45,925.66,492.1,1034.45,993.83,1823.01,1823.01,492.1,1823.01,1509.02,805.63,993.83,1462.24,1223.35,1034.45,677.05,1034.45,1034.12,821.3,888.51,512.8,1034.12,1509.02,941.26,606.48,606.48,789.18,1499.18,925.66,1034.12,1034.12,1034.12,512.8,677.05,821.3,821.3,821.3,492.1,785.79,519.07,888.51,821.3,1034.12,805.63,1034.45,519.07,1034.12
2021-12-01,1181.48,820.92,838.07,873.35,861.76,794.35,749.95,904.45,653.05,1027.9,1153.92,521.0,593.96,1559.01,1393.26,1393.26,515.9,1027.9,1153.92,767.53,767.53,868.64,894.6,494.03,1032.49,835.01,1032.49,593.96,593.96,593.96,868.64,494.03,1032.49,1027.9,1502.82,1502.82,494.03,1502.82,1559.01,894.6,1027.9,1181.48,1218.04,1032.49,653.05,1032.49,1393.26,835.01,838.07,515.9,1393.26,1559.01,436.42,640.32,640.32,794.35,1473.55,868.64,1393.26,1393.26,1393.26,515.9,653.05,835.01,835.01,835.01,494.03,820.92,521.0,838.07,835.01,1393.26,894.6,1032.49,521.0,1393.26
2022-01-01,1222.03,842.23,915.15,749.88,862.06,797.48,754.76,845.19,665.3,1046.26,1172.27,474.42,595.17,1455.85,1335.72,1335.72,532.26,1046.26,1172.27,796.56,796.56,1156.37,894.85,495.65,1030.73,832.71,1030.73,595.17,595.17,595.17,1156.37,495.65,1030.73,1046.26,1884.13,1884.13,495.65,1884.13,1455.85,894.85,1046.26,1222.03,956.83,1030.73,665.3,1030.73,1335.72,832.71,915.15,532.26,1335.72,1455.85,883.08,655.53,655.53,797.48,1462.03,1156.37,1335.72,1335.72,1335.72,532.26,665.3,832.71,832.71,832.71,495.65,842.23,474.42,915.15,832.71,1335.72,894.85,1030.73,474.42,1335.72
2022-02-01,1189.02,883.24,996.92,771.51,859.76,797.76,786.32,760.87,465.12,1098.12,1236.88,472.07,473.98,1493.54,1233.3,1233.3,515.91,1098.12,1236.88,845.01,845.01,1303.34,988.31,496.72,1019.55,836.66,1019.55,473.98,473.98,473.98,1303.34,496.72,1019.55,1098.12,2139.32,2139.32,496.72,2139.32,1493.54,988.31,1098.12,1189.02,1114.97,1019.55,465.12,1019.55,1233.3,836.66,996.92,515.91,1233.3,1493.54,839.74,694.45,694.45,797.76,1484.68,1303.34,1233.3,1233.3,1233.3,515.91,465.12,836.66,836.66,836.66,496.72,883.24,472.07,996.92,836.66,1233.3,988.31,1019.55,472.07,1233.3
2022-03-01,1074.99,864.3,872.69,831.87,817.95,799.75,770.78,802.36,622.92,1072.9,1194.03,518.75,490.91,1574.53,1365.05,1365.05,581.32,1072.9,1194.03,833.43,833.43,1460.47,934.1,497.86,819.88,835.24,819.88,490.91,490.91,490.91,1460.47,497.86,819.88,1072.9,2079.98,2079.98,497.86,2079.98,1574.53,934.1,1072.9,1074.99,1046.66,819.88,622.92,819.88,1365.05,835.24,872.69,581.32,1365.05,1574.53,930.34,677.6,677.6,799.75,1464.52,1460.47,1365.05,1365.05,1365.05,581.32,622.92,835.24,835.24,835.24,497.86,864.3,518.75,872.69,835.24,1365.05,934.1,819.88,518.75,1365.05
2022-04-01,1047.86,854.92,930.62,738.32,737.78,804.72,756.84,706.14,591.93,1060.34,1190.64,592.41,489.64,1567.39,1185.74,1185.74,551.55,1060.34,1190.64,819.53,819.53,1429.08,862.04,498.71,846.65,872.68,846.65,489.64,489.64,489.64,1429.08,498.71,846.65,1060.34,1420.61,1420.61,498.71,1420.61,1567.39,862.04,1060.34,1047.86,1074.03,846.65,591.93,846.65,1185.74,872.68,930.62,551.55,1185.74,1567.39,997.5,674.43,674.43,804.72,884.1,1429.08,1185.74,1185.74,1185.74,551.55,591.93,872.68,872.68,872.68,498.71,854.92,592.41,930.62,872.68,1185.74,862.04,846.65,592.41,1185.74
2022-05-01,1048.43,844.71,919.91,637.46,671.99,797.96,751.94,548.04,597.06,1045.26,1170.82,568.81,821.24,1567.7,1542.55,1542.55,512.59,1045.26,1170.82,819.43,819.43,1331.73,913.77,499.24,846.14,1002.61,846.14,821.24,821.24,821.24,1331.73,499.24,846.14,1045.26,1520.71,1520.71,499.24,1520.71,1567.7,913.77,1045.26,1048.43,1060.8,846.14,597.06,846.14,1542.55,1002.61,919.91,512.59,1542.55,1567.7,928.45,666.37,666.37,797.96,998.85,1331.73,1542.55,1542.55,1542.55,512.59,597.06,1002.61,1002.61,1002.61,499.24,844.71,568.81,919.91,1002.61,1542.55,913.77,846.14,568.81,1542.55
2022-06-01,1099.47,914.33,999.08,668.07,611.98,800.27,801.84,675.12,700.87,1122.24,1271.31,734.51,781.38,1568.15,1327.17,1327.17,525.56,1122.24,1271.31,976.76,976.76,1220.12,866.63,499.89,845.89,766.83,845.89,781.38,781.38,781.38,1220.12,499.89,845.89,1122.24,1499.61,1499.61,499.89,1499.61,1568.15,866.63,1122.24,1099.47,1245.62,845.89,700.87,845.89,1327.17,766.83,999.08,525.56,1327.17,1568.15,858.0,724.35,724.35,800.27,1224.2,1220.12,1327.17,1327.17,1327.17,525.56,700.87,766.83,766.83,766.83,499.89,914.33,734.51,999.08,766.83,1327.17,866.63,845.89,734.51,1327.17
2022-07-01,1165.37,1048.39,825.51,777.72,644.89,875.49,906.36,944.19,722.06,1085.29,1261.39,742.1,970.97,1567.94,1348.47,1348.47,789.13,1085.29,1261.39,1312.48,1312.48,1202.9,992.47,500.36,852.36,898.39,852.36,970.97,970.97,970.97,1202.9,500.36,852.36,1085.29,1501.94,1501.94,500.36,1501.94,1567.94,992.47,1085.29,1165.37,1339.38,852.36,722.06,852.36,1348.47,898.39,825.51,789.13,1348.47,1567.94,890.14,775.34,775.34,875.49,1316.6,1202.9,1348.47,1348.47,1348.47,789.13,722.06,898.39,898.39,898.39,500.36,1048.39,742.1,825.51,898.39,1348.47,992.47,852.36,742.1,1348.47
2022-08-01,1169.7,1219.91,855.0,875.22,844.26,1100.05,1059.23,1125.02,855.06,971.57,1332.76,803.5,920.22,1568.35,1303.17,1303.17,960.57,971.57,1332.76,1320.55,1320.55,1183.22,1259.17,717.83,863.73,1142.3,863.73,920.22,920.22,920.22,1183.22,717.83,863.73,971.57,1501.15,1501.15,717.83,1501.15,1568.35,1259.17,971.57,1169.7,1575.75,863.73,855.06,863.73,1303.17,1142.3,855.0,960.57,1303.17,1568.35,928.44,839.38,839.38,1100.05,1641.09,1183.22,1303.17,1303.17,1303.17,960.57,855.06,1142.3,1142.3,1142.3,717.83,1219.91,803.5,855.0,1142.3,1303.17,1259.17,863.73,803.5,1303.17
2022-09-01,1455.82,1608.54,904.18,949.5,804.68,1283.06,1357.7,1288.84,963.35,1234.54,1792.74,1047.97,925.28,1567.77,1574.82,1574.82,979.38,1234.54,1792.74,1362.43,1362.43,1409.83,1397.94,996.73,990.15,1240.29,990.15,925.28,925.28,925.28,1409.83,996.73,990.15,1234.54,1499.17,1499.17,996.73,1499.17,1567.77,1397.94,1234.54,1455.82,2415.99,990.15,963.35,990.15,1574.82,1240.29,904.18,979.38,1574.82,1567.77,1220.73,1175.85,1175.85,1283.06,1938.44,1409.83,1574.82,1574.82,1574.82,979.38,963.35,1240.29,1240.29,1240.29,996.73,1608.54,1047.97,904.18,1240.29,1574.82,1397.94,990.15,1047.97,1574.82
2022-10-01,1337.01,1416.35,1046.34,1409.87,861.11,1490.17,1271.96,1329.9,987.18,1143.99,1517.45,1033.53,978.87,1567.91,1725.47,1725.47,1002.58,1143.99,1517.45,1242.82,1242.82,1681.38,1362.2,1094.89,1026.0,1252.43,1026.0,978.87,978.87,978.87,1681.38,1094.89,1026.0,1143.99,1909.35,1909.35,1094.89,1909.35,1567.91,1362.2,1143.99,1337.01,2024.21,1026.0,987.18,1026.0,1725.47,1252.43,1046.34,1002.58,1725.47,1567.91,2064.36,1008.4,1008.4,1490.17,1796.16,1681.38,1725.47,1725.47,1725.47,1002.58,987.18,1252.43,1252.43,1252.43,1094.89,1416.35,1033.53,1046.34,1252.43,1725.47,1362.2,1026.0,1033.53,1725.47
2022-11-01,1225.5,1309.97,1037.3,1533.76,830.57,1727.26,1143.02,1679.67,1118.57,1081.5,1500.43,1046.15,1043.96,1567.78,1692.31,1692.31,1233.68,1081.5,1500.43,1225.37,1225.37,2277.3,1218.11,1079.43,1024.58,1254.72,1024.58,1043.96,1043.96,1043.96,2277.3,1079.43,1024.58,1081.5,2124.91,2124.91,1079.43,2124.91,1567.78,1218.11,1081.5,1225.5,2133.6,1024.58,1118.57,1024.58,1692.31,1254.72,1037.3,1233.68,1692.31,1567.78,1066.05,929.83,929.83,1727.26,1789.4,2277.3,1692.31,1692.31,1692.31,1233.68,1118.57,1254.72,1254.72,1254.72,1079.43,1309.97,1046.15,1037.3,1254.72,1692.31,1218.11,1024.58,1046.15,1692.31
2022-12-01,1270.86,1369.1,1033.73,1507.6,1079.97,1536.57,1194.66,1587.38,1124.21,1107.25,1538.98,1035.1,1023.69,1567.97,1893.95,1893.95,1048.14,1107.25,1538.98,1227.87,1227.87,1495.92,1191.81,1066.76,1023.38,1254.16,1023.38,1023.69,1023.69,1023.69,1495.92,1066.76,1023.38,1107.25,2059.63,2059.63,1066.76,2059.63,1567.97,1191.81,1107.25,1270.86,2068.99,1023.38,1124.21,1023.38,1893.95,1254.16,1033.73,1048.14,1893.95,1567.97,1864.54,970.1,970.1,1536.57,1827.96,1495.92,1893.95,1893.95,1893.95,1048.14,1124.21,1254.16,1254.16,1254.16,1066.76,1369.1,1035.1,1033.73,1254.16,1893.95,1191.81,1023.38,1035.1,1893.95
2023-01-01,1465.61,1574.6,1040.54,1155.04,1235.52,1520.32,1355.72,1781.38,967.24,1243.75,1727.09,1044.68,1023.22,2070.01,1869.54,1869.54,1149.04,1243.75,1727.09,1409.05,1409.05,1381.19,1362.52,1029.22,1022.36,1254.51,1022.36,1023.22,1023.22,1023.22,1381.19,1029.22,1022.36,1243.75,1394.98,1394.98,1029.22,1394.98,2070.01,1362.52,1243.75,1465.61,2071.84,1022.36,967.24,1022.36,1869.54,1254.51,1040.54,1149.04,1869.54,2070.01,1623.3,1127.4,1127.4,1520.32,1841.43,1381.19,1869.54,1869.54,1869.54,1149.04,967.24,1254.51,1254.51,1254.51,1029.22,1574.6,1044.68,1040.54,1254.51,1869.54,1362.52,1022.36,1044.68,1869.54
2023-02-01,1580.41,1721.56,1017.11,1392.57,1181.38,1454.26,1499.73,1509.74,1455.63,1330.74,1894.55,1140.46,1018.72,2436.68,1603.12,1603.12,1024.49,1330.74,1894.55,1616.48,1616.48,1831.46,949.03,1048.29,1021.3,1506.84,1021.3,1018.72,1018.72,1018.72,1831.46,1048.29,1021.3,1330.74,1641.86,1641.86,1048.29,1641.86,2436.68,949.03,1330.74,1580.41,2052.13,1021.3,1455.63,1021.3,1603.12,1506.84,1017.11,1024.49,1603.12,2436.68,969.76,1228.58,1228.58,1454.26,1829.81,1831.46,1603.12,1603.12,1603.12,1024.49,1455.63,1506.84,1506.84,1506.84,1048.29,1721.56,1140.46,1017.11,1506.84,1603.12,949.03,1021.3,1140.46,1603.12
2023-03-01,1908.78,2034.06,1135.2,1607.54,1637.59,2187.94,1725.94,1546.11,1563.33,1561.56,2723.94,1326.87,1382.21,1870.75,1237.21,1237.21,1637.46,1561.56,2723.94,1685.57,1685.57,1620.5,1856.35,1583.34,1429.97,1431.4,1429.97,1382.21,1382.21,1382.21,1620.5,1583.34,1429.97,1561.56,2281.34,2281.34,1583.34,2281.34,1870.75,1856.35,1561.56,1908.78,3017.36,1429.97,1563.33,1429.97,1237.21,1431.4,1135.2,1637.46,1237.21,1870.75,954.28,1591.64,1591.64,2187.94,2148.38,1620.5,1237.21,1237.21,1237.21,1637.46,1563.33,1431.4,1431.4,1431.4,1583.34,2034.06,1326.87,1135.2,1431.4,1237.21,1856.35,1429.97,1326.87,1237.21
2023-04-01,2114.25,2262.72,1058.27,1738.44,1696.92,1693.02,2798.67,1839.38,1575.95,1157.82,2815.1,1411.34,1691.25,2520.7,1576.67,1576.67,1350.93,1157.82,2815.1,1816.96,1816.96,2143.35,2591.4,1242.22,1572.49,1911.66,1572.49,1691.25,1691.25,1691.25,2143.35,1242.22,1572.49,1157.82,2024.32,2024.32,1242.22,2024.32,2520.7,2591.4,1157.82,2114.25,3232.59,1572.49,1575.95,1572.49,1576.67,1911.66,1058.27,1350.93,1576.67,2520.7,2080.67,1813.8,1813.8,1693.02,2310.17,2143.35,1576.67,1576.67,1576.67,1350.93,1575.95,1911.66,1911.66,1911.66,1242.22,2262.72,1411.34,1058.27,1911.66,1576.67,2591.4,1572.49,1411.34,1576.67
2023-05-01,2253.33,2395.96,1414.54,1753.67,1444.22,1742.78,1691.47,2460.73,1579.28,1543.04,1321.47,1458.89,1585.38,2620.46,1741.17,1741.17,1400.54,1543.04,1321.47,2129.78,2129.78,2030.53,4184.33,1445.59,2014.19,1432.15,2014.19,1585.38,1585.38,1585.38,2030.53,1445.59,2014.19,1543.04,2422.24,2422.24,1445.59,2422.24,2620.46,4184.33,1543.04,2253.33,3444.29,2014.19,1579.28,2014.19,1741.17,1432.15,1414.54,1400.54,1741.17,2620.46,1687.17,1976.38,1976.38,1742.78,2109.66,2030.53,1741.17,1741.17,1741.17,1400.54,1579.28,1432.15,1432.15,1432.15,1445.59,2395.96,1458.89,1414.54,1432.15,1741.17,4184.33,2014.19,1458.89,1741.17
2023-06-01,2630.54,2753.22,1510.79,1845.71,1764.63,1866.72,2789.08,2478.99,1657.98,1860.79,3284.14,1503.54,1686.15,3780.57,1959.21,1959.21,1857.17,1860.79,3284.14,1930.22,1930.22,2440.65,4510.46,1774.87,2123.04,1880.07,2123.04,1686.15,1686.15,1686.15,2440.65,1774.87,2123.04,1860.79,2645.18,2645.18,1774.87,2645.18,3780.57,4510.46,1860.79,2630.54,4129.44,2123.04,1657.98,2123.04,1959.21,1880.07,1510.79,1857.17,1959.21,3780.57,2006.58,2437.95,2437.95,1866.72,2011.46,2440.65,1959.21,1959.21,1959.21,1857.17,1657.98,1880.07,1880.07,1880.07,1774.87,2753.22,1503.54,1510.79,1880.07,1959.21,4510.46,2123.04,1503.54,1959.21
2023-07-01,2580.86,2958.6,1474.1,2003.58,1934.89,2264.13,2614.92,3942.69,1671.13,2255.57,4515.06,1946.1,2242.61,3365.55,1643.05,1643.05,1073.07,2255.57,4515.06,2726.13,2726.13,2875.61,4474.48,2222.68,2492.08,2377.11,2492.08,2242.61,2242.61,2242.61,2875.61,2222.68,2492.08,2255.57,2896.11,2896.11,2222.68,2896.11,3365.55,4474.48,2255.57,2580.86,3971.38,2492.08,1671.13,2492.08,1643.05,2377.11,1474.1,1073.07,1643.05,3365.55,2156.3,2332.82,2332.82,2264.13,2936.59,2875.61,1643.05,1643.05,1643.05,1073.07,1671.13,2377.11,2377.11,2377.11,2222.68,2958.6,1946.1,1474.1,2377.11,1643.05,4474.48,2492.08,1946.1,1643.05
2023-08-01,2664.15,2988.91,1751.31,2079.19,1996.41,2152.79,2214.14,2402.71,1829.82,1867.3,6173.64,2095.56,1846.81,2840.25,2351.61,2351.61,1003.36,1867.3,6173.64,2601.76,2601.76,3593.32,4377.49,2178.57,1954.04,2511.57,1954.04,1846.81,1846.81,1846.81,3593.32,2178.57,1954.04,1867.3,3358.28,3358.28,2178.57,3358.28,2840.25,4377.49,1867.3,2664.15,4520.03,1954.04,1829.82,1954.04,2351.61,2511.57,1751.31,1003.36,2351.61,2840.25,1971.67,2913.75,2913.75,2152.79,3681.59,3593.32,2351.61,2351.61,2351.61,1003.36,1829.82,2511.57,2511.57,2511.57,2178.57,2988.91,2095.56,1751.31,2511.57,2351.61,4377.49,1954.04,2095.56,2351.61
2023-09-01,2711.17,3115.6,1992.56,2087.92,1949.87,1951.78,2522.77,2150.88,1687.21,1965.88,5293.13,1957.54,2654.95,2596.55,3152.97,3152.97,1768.98,1965.88,5293.13,2339.82,2339.82,3309.29,3912.92,1868.37,1509.19,2167.24,1509.19,2654.95,2654.95,2654.95,3309.29,1868.37,1509.19,1965.88,2962.39,2962.39,1868.37,2962.39,2596.55,3912.92,1965.88,2711.17,5421.9,1509.19,1687.21,1509.19,3152.97,2167.24,1992.56,1768.98,3152.97,2596.55,2148.51,3450.58,3450.58,1951.78,4525.19,3309.29,3152.97,3152.97,3152.97,1768.98,1687.21,2167.24,2167.24,2167.24,1868.37,3115.6,1957.54,1992.56,2167.24,3152.97,3912.92,1509.19,1957.54,3152.97
2023-10-01,2630.19,2997.4,2157.41,1832.41,1873.76,1796.33,2435.58,2203.71,1683.55,1897.62,4595.42,1859.27,2832.29,3151.79,2028.02,2028.02,1673.65,1897.62,4595.42,1997.77,1997.77,3290.28,3642.9,2080.86,2108.56,2427.58,2108.56,2832.29,2832.29,2832.29,3290.28,2080.86,2108.56,1897.62,3341.53,3341.53,2080.86,3341.53,3151.79,3642.9,1897.62,2630.19,3852.87,2108.56,1683.55,2108.56,2028.02,2427.58,2157.41,1673.65,2028.02,3151.79,2460.5,2211.35,2211.35,1796.33,4221.61,3290.28,2028.02,2028.02,2028.02,1673.65,1683.55,2427.58,2427.58,2427.58,2080.86,2997.4,1859.27,2157.41,2427.58,2028.02,3642.9,2108.56,1859.27,2028.02
2023-11-01,2742.29,2999.77,2091.3,1821.62,1927.3,2003.58,2546.54,2290.2,1588.48,1978.0,5206.01,1663.33,2189.92,3630.48,1858.07,1858.07,1644.42,1978.0,5206.01,2028.84,2028.84,3015.84,3686.69,1946.91,2236.02,2508.53,2236.02,2189.92,2189.92,2189.92,3015.84,1946.91,2236.02,1978.0,3407.56,3407.56,1946.91,3407.56,3630.48,3686.69,1978.0,2742.29,4524.01,2236.02,1588.48,2236.02,1858.07,2508.53,2091.3,1644.42,1858.07,3630.48,2487.21,2566.41,2566.41,2003.58,3052.58,3015.84,1858.07,1858.07,1858.07,1644.42,1588.48,2508.53,2508.53,2508.53,1946.91,2999.77,1663.33,2091.3,2508.53,1858.07,3686.69,2236.02,1663.33,1858.07
